{"level":"info","message":"Incoming request: GET /favicon.ico","service":"default-service-name","timestamp":"2026-01-02 15:28:52"}
{"level":"info","message":"Incoming request: POST /api/v1/auth/send-otp","service":"default-service-name","timestamp":"2026-01-02 15:43:24"}
{"level":"info","message":"Incoming request: POST /api/v1/auth/send-otp","service":"default-service-name","timestamp":"2026-01-02 15:45:18"}
{"level":"info","message":"Incoming request: POST /api/v1/auth/send-otp","service":"default-service-name","timestamp":"2026-01-02 15:45:49"}
{"level":"info","message":"Incoming request: POST /api/v1/auth/send-otp","service":"default-service-name","timestamp":"2026-01-02 15:46:23"}
{"level":"info","message":"Incoming request: POST /api/v1/auth/send-otp","service":"default-service-name","timestamp":"2026-01-02 15:46:54"}
{"level":"info","message":"Incoming request: POST /api/v1/auth/send-otp","service":"default-service-name","timestamp":"2026-01-02 15:47:37"}
{"level":"info","message":"Incoming request: POST /api/v1/auth/send-otp","service":"default-service-name","timestamp":"2026-01-02 15:49:41"}
{"level":"info","message":"Incoming request: POST /api/v1/auth/send-otp","service":"default-service-name","timestamp":"2026-01-02 15:50:01"}
{"level":"info","message":"Incoming request: POST /api/v1/auth/send-otp","service":"default-service-name","timestamp":"2026-01-02 15:50:17"}
{"level":"info","message":"Incoming request: POST /api/v1/auth/send-otp","service":"default-service-name","timestamp":"2026-01-02 15:51:05"}
{"level":"info","message":"Incoming request: POST /api/v1/auth/send-otp","service":"default-service-name","timestamp":"2026-01-02 15:53:18"}
{"level":"info","message":"Incoming request: POST /api/v1/auth/send-otp","service":"default-service-name","timestamp":"2026-01-02 15:53:31"}
{"level":"info","message":"Incoming request: POST /api/v1/auth/send-otp","service":"default-service-name","timestamp":"2026-01-02 15:56:40"}
{"level":"info","message":"Incoming request: POST /api/v1/auth/send-otp","service":"default-service-name","timestamp":"2026-01-02 15:57:03"}
{"level":"info","message":"Incoming request: POST /api/v1/auth/send-otp","service":"default-service-name","timestamp":"2026-01-02 16:00:12"}
{"level":"info","message":"Incoming request: POST /api/v1/auth/send-otp","service":"default-service-name","timestamp":"2026-01-02 16:01:01"}
{"level":"info","message":"Incoming request: POST /api/v1/auth/send-otp","service":"default-service-name","timestamp":"2026-01-02 17:46:11"}
{"level":"info","message":"Incoming request: POST /api/v1/auth/send-otp","service":"default-service-name","timestamp":"2026-01-02 17:46:41"}
{"level":"info","message":"Incoming request: POST /api/v1/auth/send-otp","service":"default-service-name","timestamp":"2026-01-03 08:32:24"}
{"level":"info","message":"Incoming request: POST /api/v1/auth/send-otp","service":"default-service-name","timestamp":"2026-01-03 08:32:50"}
{"level":"info","message":"Incoming request: POST /api/v1/auth/send-otp","service":"default-service-name","timestamp":"2026-01-03 08:40:18"}
{"level":"info","message":"Incoming request: POST /api/v1/auth/send-otp","service":"default-service-name","timestamp":"2026-01-03 08:41:21"}
{"level":"info","message":"Incoming request: POST /api/v1/auth/send-otp","service":"default-service-name","timestamp":"2026-01-03 08:42:07"}
{"level":"info","message":"Incoming request: POST /api/v1/auth/send-otp","service":"default-service-name","timestamp":"2026-01-03 09:10:50"}
{"level":"info","message":"Incoming request: POST /api/v1/auth/send-otp","service":"default-service-name","timestamp":"2026-01-03 09:11:16"}
{"level":"info","message":"Incoming request: POST /api/v1/auth/send-otp","service":"default-service-name","timestamp":"2026-01-03 09:12:41"}
{"level":"info","message":"Incoming request: POST /api/v1/auth/send-otp","service":"default-service-name","timestamp":"2026-01-03 09:13:41"}
{"level":"info","message":"Incoming request: POST /api/v1/auth/send-otp","service":"default-service-name","timestamp":"2026-01-03 09:14:27"}
{"level":"info","message":"Incoming request: POST /api/v1/auth/send-otp","service":"default-service-name","timestamp":"2026-01-03 09:38:49"}
{"level":"info","message":"Incoming request: POST /api/v1/auth/send-otp","service":"default-service-name","timestamp":"2026-01-03 09:55:30"}
{"level":"info","message":"Incoming request: POST /api/v1/auth/send-otp","service":"default-service-name","timestamp":"2026-01-03 09:55:43"}
{"level":"info","message":"Incoming request: POST /api/v1/auth/send-otp","service":"default-service-name","timestamp":"2026-01-03 09:56:42"}
{"level":"info","message":"Incoming request: POST /api/v1/auth/send-otp","service":"default-service-name","timestamp":"2026-01-03 10:50:02"}
{"level":"info","message":"Incoming request: POST /api/v1/auth/send-otp","service":"default-service-name","timestamp":"2026-01-03 10:52:10"}
{"level":"info","message":"Incoming request: POST /api/v1/auth/send-otp","service":"default-service-name","timestamp":"2026-01-03 14:55:18"}
{"level":"info","message":"Incoming request: POST /api/v1/auth/send-otp","service":"default-service-name","timestamp":"2026-01-03 15:10:20"}
{"level":"info","message":"Incoming request: POST /api/v1/auth/send-otp","service":"default-service-name","timestamp":"2026-01-03 15:10:43"}
{"level":"info","message":"Incoming request: POST /api/v1/auth/verify-otp","service":"default-service-name","timestamp":"2026-01-03 15:11:25"}
{"level":"info","message":"Incoming request: GET /api/v1/patient/profile","service":"default-service-name","timestamp":"2026-01-03 15:31:48"}
{"level":"info","message":"Incoming request: POST /api/v1/auth/verify-otp","service":"default-service-name","timestamp":"2026-01-03 15:34:27"}
{"level":"info","message":"Incoming request: POST /api/v1/auth/send-otp","service":"default-service-name","timestamp":"2026-01-03 15:34:38"}
{"level":"info","message":"Incoming request: POST /api/v1/auth/verify-otp","service":"default-service-name","timestamp":"2026-01-03 15:35:45"}
{"level":"info","message":"Incoming request: POST /api/v1/auth/send-otp","service":"default-service-name","timestamp":"2026-01-03 15:47:29"}
{"level":"info","message":"Incoming request: POST /api/v1/auth/verify-otp","service":"default-service-name","timestamp":"2026-01-03 15:47:57"}
{"level":"info","message":"Incoming request: POST /api/v1/auth/verify-otp","service":"default-service-name","timestamp":"2026-01-03 15:48:42"}
{"level":"info","message":"Incoming request: POST /api/v1/auth/verify-otp","service":"default-service-name","timestamp":"2026-01-03 15:51:09"}
{"level":"info","message":"Incoming request: PATCH /api/v1/patient/profile-update","service":"default-service-name","timestamp":"2026-01-03 16:48:29"}
{"level":"info","message":"Incoming request: PATCH /api/v1/patient/profile-update","service":"default-service-name","timestamp":"2026-01-03 16:48:45"}
{"level":"info","message":"Incoming request: POST /api/v1/auth/verify-otp","service":"default-service-name","timestamp":"2026-01-03 16:50:05"}
{"level":"info","message":"Incoming request: PATCH /api/v1/patient/profile-update","service":"default-service-name","timestamp":"2026-01-03 16:50:11"}
{"level":"info","message":"Incoming request: POST /api/v1/auth/send-otp","service":"default-service-name","timestamp":"2026-01-03 16:50:26"}
{"level":"info","message":"Incoming request: POST /api/v1/auth/verify-otp","service":"default-service-name","timestamp":"2026-01-03 16:51:00"}
{"level":"info","message":"Incoming request: POST /api/v1/auth/send-otp","service":"default-service-name","timestamp":"2026-01-03 16:51:36"}
{"level":"info","message":"Incoming request: POST /api/v1/auth/verify-otp","service":"default-service-name","timestamp":"2026-01-03 16:52:17"}
{"level":"info","message":"Incoming request: PATCH /api/v1/patient/profile-update","service":"default-service-name","timestamp":"2026-01-03 16:52:24"}
{"level":"info","message":"Incoming request: PATCH /api/v1/patient/profile-update","service":"default-service-name","timestamp":"2026-01-03 17:00:17"}
{"level":"info","message":"Incoming request: PATCH /api/v1/patient/profile-update","service":"default-service-name","timestamp":"2026-01-03 17:01:29"}
{"level":"info","message":"Incoming request: PATCH /api/v1/patient/profile-update","service":"default-service-name","timestamp":"2026-01-03 17:02:58"}
{"level":"info","message":"Incoming request: PATCH /api/v1/patient/profile-update","service":"default-service-name","timestamp":"2026-01-03 17:04:47"}
{"level":"info","message":"Incoming request: PATCH /api/v1/patient/profile-update","service":"default-service-name","timestamp":"2026-01-03 17:18:08"}
{"level":"info","message":"Incoming request: PATCH /api/v1/patient/profile-update","service":"default-service-name","timestamp":"2026-01-03 17:19:20"}
{"level":"info","message":"Incoming request: PATCH /api/v1/patient/profile-update","service":"default-service-name","timestamp":"2026-01-03 17:23:08"}
{"level":"info","message":"Incoming request: PATCH /api/v1/patient/profile-update","service":"default-service-name","timestamp":"2026-01-03 17:26:36"}
{"level":"info","message":"Incoming request: PATCH /api/v1/patient/profile-update","service":"default-service-name","timestamp":"2026-01-03 17:33:42"}
{"level":"info","message":"Incoming request: GET /api/v1/patient/profile","service":"default-service-name","timestamp":"2026-01-03 17:37:59"}
{"level":"info","message":"Incoming request: POST /api/v1/auth/send-otp","service":"default-service-name","timestamp":"2026-01-05 09:25:07"}
{"level":"info","message":"Incoming request: POST /api/v1/auth/send-otp","service":"default-service-name","timestamp":"2026-01-05 09:26:34"}
{"level":"info","message":"Incoming request: POST /api/v1/auth/send-otp","service":"default-service-name","timestamp":"2026-01-05 09:27:05"}
{"level":"info","message":"Incoming request: PATCH /api/v1/patient/profile-update","service":"default-service-name","timestamp":"2026-01-05 09:34:33"}
{"level":"info","message":"Incoming request: PATCH /api/v1/patient/profile-update","service":"default-service-name","timestamp":"2026-01-05 09:34:43"}
{"level":"info","message":"Incoming request: PATCH /api/v1/patient/profile-update","service":"default-service-name","timestamp":"2026-01-05 09:42:04"}
{"level":"info","message":"Incoming request: PATCH /api/v1/patient/profile-update","service":"default-service-name","timestamp":"2026-01-05 09:42:59"}
{"level":"info","message":"Incoming request: POST /api/v1/auth/send-otp","service":"default-service-name","timestamp":"2026-01-05 09:45:36"}
{"level":"info","message":"Incoming request: GET /api/v1/patient/profile","service":"default-service-name","timestamp":"2026-01-05 09:49:03"}
{"level":"info","message":"Incoming request: GET /api/v1/patient/profile","service":"default-service-name","timestamp":"2026-01-05 09:50:10"}
{"level":"info","message":"Incoming request: GET /api/v1/patient/profile","service":"default-service-name","timestamp":"2026-01-05 09:53:01"}
{"level":"info","message":"Incoming request: POST /api/v1/auth/send-otp","service":"default-service-name","timestamp":"2026-01-05 09:56:11"}
{"level":"info","message":"Incoming request: POST /api/v1/auth/send-otp","service":"default-service-name","timestamp":"2026-01-05 09:56:27"}
{"level":"info","message":"Incoming request: POST /api/v1/auth/send-otp","service":"default-service-name","timestamp":"2026-01-05 09:56:34"}
{"level":"info","message":"Incoming request: POST /api/v1/auth/verify-otp","service":"default-service-name","timestamp":"2026-01-05 09:58:52"}
{"level":"info","message":"Incoming request: POST /api/v1/auth/send-otp","service":"default-service-name","timestamp":"2026-01-05 09:59:00"}
{"level":"info","message":"Incoming request: POST /api/v1/auth/verify-otp","service":"default-service-name","timestamp":"2026-01-05 09:59:16"}
{"level":"info","message":"Incoming request: POST /api/v1/auth/verify-otp","service":"default-service-name","timestamp":"2026-01-05 10:00:01"}
{"level":"info","message":"Incoming request: PATCH /api/v1/doctor/profile","service":"default-service-name","timestamp":"2026-01-05 10:13:52"}
{"level":"info","message":"Incoming request: PATCH /api/v1/doctor/profile-update","service":"default-service-name","timestamp":"2026-01-05 10:14:15"}
{"level":"info","message":"Incoming request: PATCH /api/v1/doctor/profile-update","service":"default-service-name","timestamp":"2026-01-05 10:15:02"}
{"level":"info","message":"Incoming request: PATCH /api/v1/doctor/profile-update","service":"default-service-name","timestamp":"2026-01-05 10:16:50"}
{"level":"info","message":"Incoming request: PATCH /api/v1/doctor/profile-update","service":"default-service-name","timestamp":"2026-01-05 10:20:38"}
{"level":"info","message":"Incoming request: GET /api/v1/doctor/profile","service":"default-service-name","timestamp":"2026-01-05 10:24:22"}
{"level":"info","message":"Incoming request: GET /api/v1/doctor/profile","service":"default-service-name","timestamp":"2026-01-05 10:24:43"}
{"level":"info","message":"Incoming request: GET /api/v1/doctor/profile","service":"default-service-name","timestamp":"2026-01-05 10:25:39"}
{"level":"info","message":"Incoming request: PATCH /api/v1/clinic/update-info","service":"default-service-name","timestamp":"2026-01-05 10:48:20"}
{"level":"info","message":"Incoming request: POST /api/v1/auth/send-otp","service":"default-service-name","timestamp":"2026-01-05 10:52:40"}
{"level":"info","message":"Incoming request: POST /api/v1/auth/verify-otp","service":"default-service-name","timestamp":"2026-01-05 10:53:41"}
{"level":"info","message":"Incoming request: POST /api/v1/auth/send-otp","service":"default-service-name","timestamp":"2026-01-05 10:54:40"}
{"level":"info","message":"Incoming request: POST /api/v1/auth/verify-otp","service":"default-service-name","timestamp":"2026-01-05 10:55:27"}
{"level":"info","message":"Incoming request: POST /api/v1/auth/send-otp","service":"default-service-name","timestamp":"2026-01-05 10:56:30"}
{"level":"info","message":"Incoming request: POST /api/v1/auth/send-otp","service":"default-service-name","timestamp":"2026-01-05 10:58:52"}
{"level":"info","message":"Incoming request: POST /api/v1/auth/verify-otp","service":"default-service-name","timestamp":"2026-01-05 10:59:16"}
{"level":"info","message":"Incoming request: PATCH /api/v1/clinic/update-info","service":"default-service-name","timestamp":"2026-01-05 10:59:40"}
{"level":"info","message":"Incoming request: PATCH /api/v1/clinic/update-info","service":"default-service-name","timestamp":"2026-01-05 10:59:58"}
{"level":"info","message":"Incoming request: GET /api/v1/patient/profile","service":"default-service-name","timestamp":"2026-01-05 11:21:58"}
{"level":"info","message":"Incoming request: GET /api/v1/patient/doctors/popular","service":"default-service-name","timestamp":"2026-01-05 11:22:39"}
{"level":"info","message":"Incoming request: GET /api/v1/patient/doctors/popular","service":"default-service-name","timestamp":"2026-01-05 11:22:52"}
{"level":"info","message":"Incoming request: GET /api/v1/patient/doctors/popular","service":"default-service-name","timestamp":"2026-01-05 11:23:38"}
{"level":"info","message":"Incoming request: GET /api/v1/patient/doctors/popular","service":"default-service-name","timestamp":"2026-01-05 11:33:47"}
{"level":"info","message":"Incoming request: GET /api/v1/patient/doctors/popular","service":"default-service-name","timestamp":"2026-01-05 11:46:30"}
{"level":"info","message":"Incoming request: GET /api/v1/patient/doctors/popular?page=1&limit=0","service":"default-service-name","timestamp":"2026-01-05 12:11:59"}
{"level":"info","message":"Incoming request: GET /api/v1/patient/doctors/popular","service":"default-service-name","timestamp":"2026-01-05 12:12:09"}
{"level":"info","message":"Incoming request: GET /api/v1/patient/doctors/popular","service":"default-service-name","timestamp":"2026-01-05 12:14:42"}
{"level":"info","message":"Incoming request: GET /api/v1/patient/doctors/popular?page=1&limit=0","service":"default-service-name","timestamp":"2026-01-05 12:16:59"}
{"level":"info","message":"Incoming request: POST /api/v1/auth/send-otp","service":"default-service-name","timestamp":"2026-01-05 12:17:26"}
{"level":"info","message":"Incoming request: POST /api/v1/auth/verify-otp","service":"default-service-name","timestamp":"2026-01-05 12:19:04"}
{"level":"info","message":"Incoming request: PATCH /api/v1/clinic/update-info","service":"default-service-name","timestamp":"2026-01-05 12:21:30"}
{"level":"info","message":"Incoming request: GET /api/v1/patient/doctors/popular?page=1&limit=0","service":"default-service-name","timestamp":"2026-01-05 12:21:46"}
{"level":"info","message":"Incoming request: GET /api/v1/patient/doctors/popular","service":"default-service-name","timestamp":"2026-01-05 12:21:53"}
{"level":"info","message":"Incoming request: POST /api/v1/auth/send-otp","service":"default-service-name","timestamp":"2026-01-05 12:22:55"}
{"level":"info","message":"Incoming request: POST /api/v1/auth/verify-otp","service":"default-service-name","timestamp":"2026-01-05 12:23:16"}
{"level":"info","message":"Incoming request: PATCH /api/v1/doctor/profile-update","service":"default-service-name","timestamp":"2026-01-05 12:23:24"}
{"level":"info","message":"Incoming request: GET /api/v1/patient/doctors/popular","service":"default-service-name","timestamp":"2026-01-05 12:23:33"}
{"level":"info","message":"Incoming request: POST /api/v1/auth/send-otp","service":"default-service-name","timestamp":"2026-01-05 12:24:39"}
{"level":"info","message":"Incoming request: POST /api/v1/auth/verify-otp","service":"default-service-name","timestamp":"2026-01-05 12:25:19"}
{"level":"info","message":"Incoming request: PATCH /api/v1/doctor/profile-update","service":"default-service-name","timestamp":"2026-01-05 12:31:23"}
{"level":"info","message":"Incoming request: PATCH /api/v1/doctor/profile-update","service":"default-service-name","timestamp":"2026-01-05 12:31:58"}
{"level":"info","message":"Incoming request: GET /api/v1/patient/doctors/popular","service":"default-service-name","timestamp":"2026-01-05 12:32:58"}
{"level":"info","message":"Incoming request: GET /api/v1/patient/doctors/popular?page=1&limit=1","service":"default-service-name","timestamp":"2026-01-05 12:33:08"}
{"level":"info","message":"Incoming request: GET /api/v1/patient/doctors/popular?page=1&limit=1","service":"default-service-name","timestamp":"2026-01-05 12:40:09"}
{"level":"info","message":"Incoming request: GET /api/v1/patient/doctors/popular?page=1&limit=1","service":"default-service-name","timestamp":"2026-01-05 12:41:49"}
{"level":"info","message":"Incoming request: GET /api/v1/patient/doctors/popular?page=1&limit=1","service":"default-service-name","timestamp":"2026-01-05 12:43:04"}
{"level":"info","message":"Incoming request: GET /api/v1/patient/doctors/popular?page=1&limit=1","service":"default-service-name","timestamp":"2026-01-05 12:44:09"}
{"level":"info","message":"Incoming request: GET /api/v1/patient/doctors/popular?page=1&limit=1","service":"default-service-name","timestamp":"2026-01-05 12:44:36"}
{"level":"info","message":"Incoming request: GET /api/v1/patient/doctors/popular?page=1","service":"default-service-name","timestamp":"2026-01-05 12:46:48"}
{"level":"info","message":"Incoming request: GET /api/v1/patient/doctors/popular?page=1&limit=1","service":"default-service-name","timestamp":"2026-01-05 12:47:59"}
{"level":"info","message":"Incoming request: GET /api/v1/patient/doctors/popular?page=1&limit=1","service":"default-service-name","timestamp":"2026-01-05 12:49:54"}
{"level":"info","message":"Incoming request: GET /api/v1/patient/doctors/popular","service":"default-service-name","timestamp":"2026-01-05 12:50:09"}
{"level":"info","message":"Incoming request: GET /api/v1/patient/doctors/popular?speciality=Cardiology&consultFee=200&city=Dhaka&country","service":"default-service-name","timestamp":"2026-01-05 12:57:03"}
{"level":"info","message":"Incoming request: GET /api/v1/patient/doctors/popular","service":"default-service-name","timestamp":"2026-01-05 12:57:14"}
{"level":"info","message":"Incoming request: GET /api/v1/patient/doctors/popular?speciality=Cardiology","service":"default-service-name","timestamp":"2026-01-05 12:57:28"}
{"level":"info","message":"Incoming request: GET /api/v1/patient/doctors/popular?speciality=Cardiologyu","service":"default-service-name","timestamp":"2026-01-05 12:57:33"}
{"level":"info","message":"Incoming request: GET /api/v1/patient/doctors/popular?speciality=Cardiology","service":"default-service-name","timestamp":"2026-01-05 12:57:46"}
{"level":"info","message":"Incoming request: GET /api/v1/patient/doctors/popular?speciality=Cardiology&consultFee=200&city=Dhaka&country&rating=","service":"default-service-name","timestamp":"2026-01-05 14:20:25"}
{"level":"info","message":"Incoming request: GET /api/v1/patient/doctors/popular?speciality=Cardiology","service":"default-service-name","timestamp":"2026-01-05 14:20:31"}
{"level":"info","message":"Incoming request: GET /api/v1/patient/doctors/popular?speciality=Cardiologyh","service":"default-service-name","timestamp":"2026-01-05 14:20:38"}
{"level":"info","message":"Incoming request: GET /api/v1/patient/doctors/popular","service":"default-service-name","timestamp":"2026-01-05 14:25:31"}
{"level":"info","message":"Incoming request: GET /api/v1/patient/doctors/popular?speciality=Cardiology","service":"default-service-name","timestamp":"2026-01-05 14:29:25"}
{"level":"info","message":"Incoming request: GET /api/v1/patient/doctors/popular?speciality=Cardiologyd","service":"default-service-name","timestamp":"2026-01-05 14:29:31"}
{"level":"info","message":"Incoming request: GET /api/v1/patient/doctors/popular?speciality=Bangladesh","service":"default-service-name","timestamp":"2026-01-05 14:29:57"}
{"level":"info","message":"Incoming request: GET /api/v1/patient/doctors/popular?speciality=Bangladesh","service":"default-service-name","timestamp":"2026-01-05 14:30:57"}
{"level":"info","message":"Incoming request: GET /api/v1/patient/doctors/popular?speciality=Bangladesh","service":"default-service-name","timestamp":"2026-01-05 14:31:42"}
{"level":"info","message":"Incoming request: GET /api/v1/patient/doctors/popular","service":"default-service-name","timestamp":"2026-01-05 14:31:53"}
{"level":"info","message":"Incoming request: GET /api/v1/patient/doctors/popular?speciality=Cardiology&consultFee=200","service":"default-service-name","timestamp":"2026-01-05 14:32:07"}
{"level":"info","message":"Incoming request: GET /api/v1/patient/doctors/popular?speciality=Cardiology","service":"default-service-name","timestamp":"2026-01-05 14:32:16"}
{"level":"info","message":"Incoming request: GET /api/v1/patient/doctors/popular?speciality=Cardiology&consultFee=1000","service":"default-service-name","timestamp":"2026-01-05 14:32:23"}
{"level":"info","message":"Incoming request: GET /api/v1/patient/doctors/popular?speciality=Cardiology","service":"default-service-name","timestamp":"2026-01-05 14:32:31"}
{"level":"info","message":"Incoming request: GET /api/v1/patient/doctors/popular?speciality=Cardiology&consultFee=1000&city=Dhaka","service":"default-service-name","timestamp":"2026-01-05 14:32:51"}
{"level":"info","message":"Incoming request: GET /api/v1/patient/doctors/popular","service":"default-service-name","timestamp":"2026-01-05 14:33:04"}
{"level":"info","message":"Incoming request: GET /api/v1/patient/doctors/popular?rating=0","service":"default-service-name","timestamp":"2026-01-05 14:33:40"}
{"level":"info","message":"Incoming request: GET /api/v1/patient/doctors/popular?rating=5","service":"default-service-name","timestamp":"2026-01-05 14:33:47"}
{"level":"info","message":"Incoming request: GET /api/v1/patient/doctors/popular?rating=2","service":"default-service-name","timestamp":"2026-01-05 14:33:52"}
{"level":"info","message":"Incoming request: GET /api/v1/patient/doctors/popular?rating=0","service":"default-service-name","timestamp":"2026-01-05 14:33:58"}
{"level":"info","message":"Incoming request: GET /api/v1/patient/doctors/popular?speciality=Cardiology&consultFee=1000&city=Dhaka&country=Bangladesh&rating=0","service":"default-service-name","timestamp":"2026-01-05 14:34:09"}
{"level":"info","message":"Incoming request: GET /api/v1/patient/clinics/nearest","service":"default-service-name","timestamp":"2026-01-06 09:56:40"}
{"level":"info","message":"Incoming request: GET /api/v1/patient/clinics/nearest","service":"default-service-name","timestamp":"2026-01-06 09:57:44"}
{"level":"info","message":"Incoming request: GET /api/v1/patient/clinics/nearest","service":"default-service-name","timestamp":"2026-01-06 10:03:57"}
{"level":"info","message":"Incoming request: GET /api/v1/patient/clinics/nearest","service":"default-service-name","timestamp":"2026-01-06 10:09:01"}
{"level":"info","message":"Incoming request: GET /api/v1/patient/clinics/nearest","service":"default-service-name","timestamp":"2026-01-06 10:09:31"}
{"level":"info","message":"Incoming request: GET /api/v1/patient/clinics/cmk0oplhm0000tckcpvcrwrd8","service":"default-service-name","timestamp":"2026-01-06 10:09:50"}
{"level":"info","message":"Incoming request: GET /api/v1/clinic/profile","service":"default-service-name","timestamp":"2026-01-06 10:16:43"}
{"level":"info","message":"Incoming request: POST /api/v1/auth/send-otp","service":"default-service-name","timestamp":"2026-01-06 10:16:55"}
{"level":"info","message":"Incoming request: POST /api/v1/auth/verify-otp","service":"default-service-name","timestamp":"2026-01-06 10:17:29"}
{"level":"info","message":"Incoming request: GET /api/v1/clinic/profile","service":"default-service-name","timestamp":"2026-01-06 10:17:36"}
{"level":"info","message":"Incoming request: GET /api/v1/clinic/profile","service":"default-service-name","timestamp":"2026-01-06 10:17:40"}
{"level":"info","message":"Incoming request: GET /api/v1/clinic/profile","service":"default-service-name","timestamp":"2026-01-06 10:18:18"}
{"level":"info","message":"Incoming request: GET /api/v1/clinic/profile","service":"default-service-name","timestamp":"2026-01-06 10:18:33"}
{"level":"info","message":"Incoming request: GET /api/v1/clinic/profile","service":"default-service-name","timestamp":"2026-01-06 10:20:08"}
{"level":"info","message":"Incoming request: PATCH /api/v1/clinic/update-info","service":"default-service-name","timestamp":"2026-01-06 10:20:19"}
{"level":"info","message":"Incoming request: PATCH /api/v1/clinic/update-info","service":"default-service-name","timestamp":"2026-01-06 10:22:23"}
{"level":"info","message":"Incoming request: PATCH /api/v1/clinic/update-info","service":"default-service-name","timestamp":"2026-01-06 10:22:42"}
{"level":"info","message":"Incoming request: GET /api/v1/clinic/info","service":"default-service-name","timestamp":"2026-01-06 10:26:06"}
{"level":"info","message":"Incoming request: GET /api/v1/clinic/info","service":"default-service-name","timestamp":"2026-01-06 10:26:18"}
{"level":"info","message":"Incoming request: GET /api/v1/clinic/specialists","service":"default-service-name","timestamp":"2026-01-06 10:27:14"}
{"level":"info","message":"Incoming request: GET /api/v1/clinic/specialists","service":"default-service-name","timestamp":"2026-01-06 10:27:26"}
{"level":"info","message":"Incoming request: GET /api/v1/clinic/info","service":"default-service-name","timestamp":"2026-01-06 10:33:49"}
{"level":"info","message":"Incoming request: POST /api/v1/clinic/specialists","service":"default-service-name","timestamp":"2026-01-06 10:40:13"}
{"level":"info","message":"Incoming request: POST /api/v1/clinic/specialists","service":"default-service-name","timestamp":"2026-01-06 10:40:27"}
{"level":"info","message":"Incoming request: POST /api/v1/clinic/specialists","service":"default-service-name","timestamp":"2026-01-06 10:40:32"}
{"level":"info","message":"Incoming request: GET /api/v1/clinic/specialists","service":"default-service-name","timestamp":"2026-01-06 10:40:37"}
{"level":"info","message":"Incoming request: POST /api/v1/clinic/insurances","service":"default-service-name","timestamp":"2026-01-06 10:41:03"}
{"level":"info","message":"Incoming request: POST /api/v1/clinic/specialists","service":"default-service-name","timestamp":"2026-01-06 11:31:39"}
{"level":"info","message":"Incoming request: POST /api/v1/clinic/specialists","service":"default-service-name","timestamp":"2026-01-06 11:32:43"}
{"level":"info","message":"Incoming request: POST /api/v1/clinic/specialists","service":"default-service-name","timestamp":"2026-01-06 11:34:46"}
{"level":"info","message":"Incoming request: POST /api/v1/clinic/specialists","service":"default-service-name","timestamp":"2026-01-06 11:36:42"}
{"level":"info","message":"Incoming request: POST /api/v1/clinic/specialists","service":"default-service-name","timestamp":"2026-01-06 11:37:33"}
{"level":"info","message":"Incoming request: POST /api/v1/clinic/specialists","service":"default-service-name","timestamp":"2026-01-06 11:39:26"}
{"level":"info","message":"Incoming request: POST /api/v1/clinic/specialists","service":"default-service-name","timestamp":"2026-01-06 11:46:47"}
{"level":"info","message":"Incoming request: POST /api/v1/clinic/specialists","service":"default-service-name","timestamp":"2026-01-06 11:48:15"}
{"level":"info","message":"Incoming request: POST /api/v1/clinic/specialists","service":"default-service-name","timestamp":"2026-01-06 11:49:54"}
{"level":"info","message":"Incoming request: POST /api/v1/clinic/specialists","service":"default-service-name","timestamp":"2026-01-06 11:51:02"}
{"level":"info","message":"Incoming request: POST /api/v1/clinic/specialists","service":"default-service-name","timestamp":"2026-01-06 11:53:59"}
{"level":"info","message":"Incoming request: GET /api/v1/clinic/specialists","service":"default-service-name","timestamp":"2026-01-06 11:55:30"}
{"level":"info","message":"Incoming request: DELETE /api/v1/clinic/specialists/cmk26cqvr0001tcawcp65ruqt","service":"default-service-name","timestamp":"2026-01-06 11:55:54"}
{"level":"info","message":"Incoming request: GET /api/v1/clinic/specialists","service":"default-service-name","timestamp":"2026-01-06 11:56:02"}
{"level":"info","message":"Incoming request: POST /api/v1/clinic/insurances","service":"default-service-name","timestamp":"2026-01-06 11:58:02"}
{"level":"info","message":"Incoming request: POST /api/v1/clinic/insurances","service":"default-service-name","timestamp":"2026-01-06 11:59:33"}
{"level":"info","message":"Incoming request: POST /api/v1/clinic/galleries","service":"default-service-name","timestamp":"2026-01-06 12:00:00"}
{"level":"info","message":"Incoming request: POST /api/v1/clinic/galleries","service":"default-service-name","timestamp":"2026-01-06 12:00:12"}
{"level":"info","message":"Incoming request: GET /api/v1/clinic/insurances","service":"default-service-name","timestamp":"2026-01-06 12:00:33"}
{"level":"info","message":"Incoming request: GET /api/v1/clinic/insurances","service":"default-service-name","timestamp":"2026-01-06 12:00:44"}
{"level":"info","message":"Incoming request: DELETE /api/v1/clinic/insurances/cmk26jlqa0001tc3wdfls0y11","service":"default-service-name","timestamp":"2026-01-06 12:01:07"}
{"level":"info","message":"Incoming request: POST /api/v1/clinic/galleries","service":"default-service-name","timestamp":"2026-01-06 12:04:33"}
{"level":"info","message":"Incoming request: POST /api/v1/clinic/galleries","service":"default-service-name","timestamp":"2026-01-06 12:04:56"}
{"level":"info","message":"Incoming request: POST /api/v1/clinic/galleries","service":"default-service-name","timestamp":"2026-01-06 12:07:30"}
{"level":"info","message":"Incoming request: POST /api/v1/clinic/galleries","service":"default-service-name","timestamp":"2026-01-06 12:08:02"}
{"level":"info","message":"Incoming request: POST /api/v1/clinic/galleries","service":"default-service-name","timestamp":"2026-01-06 12:09:07"}
{"level":"info","message":"Incoming request: POST /api/v1/clinic/galleries","service":"default-service-name","timestamp":"2026-01-06 12:09:54"}
{"level":"info","message":"Incoming request: GET /api/v1/clinic/galleries","service":"default-service-name","timestamp":"2026-01-06 12:10:22"}
{"level":"info","message":"Incoming request: GET /api/v1/clinic/galleries","service":"default-service-name","timestamp":"2026-01-06 12:10:35"}
{"level":"info","message":"Incoming request: DELETE /api/v1/clinic/galleries/cmk26wvsq0001tcb4wk0qcgg0","service":"default-service-name","timestamp":"2026-01-06 12:11:11"}
{"level":"info","message":"Incoming request: GET /api/v1/clinic/galleries","service":"default-service-name","timestamp":"2026-01-06 12:11:16"}
{"level":"info","message":"Incoming request: GET /api/v1/clinic/info","service":"default-service-name","timestamp":"2026-01-06 12:35:44"}
{"level":"info","message":"Incoming request: PATCH /api/v1/doctor/profile-update","service":"default-service-name","timestamp":"2026-01-06 12:36:05"}
{"level":"info","message":"Incoming request: PATCH /api/v1/doctor/profile-update","service":"default-service-name","timestamp":"2026-01-06 12:36:29"}
{"level":"info","message":"Incoming request: PATCH /api/v1/doctor/profile-update","service":"default-service-name","timestamp":"2026-01-06 12:37:23"}
{"level":"info","message":"Incoming request: GET /api/v1/patient/clinics/nearest","service":"default-service-name","timestamp":"2026-01-06 12:38:32"}
{"level":"info","message":"Incoming request: PATCH /api/v1/doctor/profile-update","service":"default-service-name","timestamp":"2026-01-06 12:38:49"}
{"level":"info","message":"Incoming request: GET /api/v1/patient/profile","service":"default-service-name","timestamp":"2026-01-06 12:40:25"}
{"level":"info","message":"Incoming request: POST /api/v1/auth/verify-otp","service":"default-service-name","timestamp":"2026-01-06 12:57:26"}
{"level":"info","message":"Incoming request: PATCH /api/v1/doctor/profile-update","service":"default-service-name","timestamp":"2026-01-06 15:25:56"}
{"level":"info","message":"Incoming request: PATCH /api/v1/doctor/profile-update","service":"default-service-name","timestamp":"2026-01-06 15:26:10"}
{"level":"info","message":"Incoming request: PATCH /api/v1/doctor/profile-update","service":"default-service-name","timestamp":"2026-01-06 15:27:53"}
{"level":"info","message":"Incoming request: PATCH /api/v1/doctor/profile-update","service":"default-service-name","timestamp":"2026-01-06 15:28:01"}
{"level":"info","message":"Incoming request: POST /api/v1/doctor/working-hours","service":"default-service-name","timestamp":"2026-01-06 15:38:34"}
{"level":"info","message":"Incoming request: GET /api/v1/doctor/working-hours?day=Monday","service":"default-service-name","timestamp":"2026-01-06 15:55:18"}
{"level":"info","message":"Incoming request: GET /api/v1/doctor/working-hours?day=SATURDAY","service":"default-service-name","timestamp":"2026-01-06 15:55:31"}
{"level":"info","message":"Incoming request: POST /api/v1/doctor/working-hours","service":"default-service-name","timestamp":"2026-01-06 15:55:41"}
{"level":"info","message":"Incoming request: GET /api/v1/doctor/working-hours?day=SATURDAY","service":"default-service-name","timestamp":"2026-01-06 15:56:04"}
{"level":"info","message":"Incoming request: GET /api/v1/doctor/working-hours?day=SATURDAY","service":"default-service-name","timestamp":"2026-01-06 15:56:43"}
{"level":"info","message":"Incoming request: GET /api/v1/doctor/working-hours?day=SATURDAY","service":"default-service-name","timestamp":"2026-01-06 15:59:46"}
{"level":"info","message":"Incoming request: GET /api/v1/doctor/working-hours?day=SATURDAY","service":"default-service-name","timestamp":"2026-01-06 16:01:15"}
{"level":"info","message":"Incoming request: GET /api/v1/doctor/working-hours?day=SATURDAY","service":"default-service-name","timestamp":"2026-01-06 16:01:38"}
{"level":"info","message":"Incoming request: GET /api/v1/doctor/working-hours?day=SATURDAY","service":"default-service-name","timestamp":"2026-01-06 16:01:59"}
{"level":"info","message":"Incoming request: GET /api/v1/doctor/working-hours?day=SATURDAY","service":"default-service-name","timestamp":"2026-01-06 16:03:02"}
{"level":"info","message":"Incoming request: POST /api/v1/doctor/working-hours","service":"default-service-name","timestamp":"2026-01-06 16:15:37"}
{"level":"info","message":"Incoming request: GET /api/v1/doctor/working-hours?day=SATURDAY","service":"default-service-name","timestamp":"2026-01-06 16:15:48"}
{"level":"info","message":"Incoming request: GET /api/v1/doctor/working-hours?day=MONDAY","service":"default-service-name","timestamp":"2026-01-06 16:16:16"}
{"level":"info","message":"Incoming request: POST /api/v1/banner/create-banner","service":"default-service-name","timestamp":"2026-01-07 11:16:02"}
{"level":"info","message":"Incoming request: POST /api/v1/banner/create-banner","service":"default-service-name","timestamp":"2026-01-07 11:19:21"}
{"level":"info","message":"Incoming request: POST /api/v1/banner/create-banner","service":"default-service-name","timestamp":"2026-01-07 11:22:18"}
{"level":"info","message":"Incoming request: POST /api/v1/banner/create-banner","service":"default-service-name","timestamp":"2026-01-07 11:22:59"}
{"level":"info","message":"Incoming request: GET /api/v1/banner","service":"default-service-name","timestamp":"2026-01-07 11:23:08"}
{"level":"info","message":"Incoming request: GET /api/v1/banner","service":"default-service-name","timestamp":"2026-01-07 11:23:38"}
{"level":"info","message":"Incoming request: POST /api/v1/banner/create-banner","service":"default-service-name","timestamp":"2026-01-07 11:23:43"}
{"level":"info","message":"Incoming request: GET /api/v1/banner","service":"default-service-name","timestamp":"2026-01-07 11:23:49"}
{"level":"info","message":"Incoming request: PATCH /api/v1/banner/update/cmk3kod6t0000tcoga1laf6sj","service":"default-service-name","timestamp":"2026-01-07 11:24:11"}
{"level":"info","message":"Incoming request: PATCH /api/v1/banner/update/cmk3kod6t0000tcoga1laf6sj","service":"default-service-name","timestamp":"2026-01-07 11:24:19"}
{"level":"info","message":"Incoming request: PATCH /api/v1/banner/update/cmk3kod6t0000tcoga1laf6sj","service":"default-service-name","timestamp":"2026-01-07 11:24:29"}
{"level":"info","message":"Incoming request: GET /api/v1/banner","service":"default-service-name","timestamp":"2026-01-07 11:25:02"}
{"level":"info","message":"Incoming request: DELETE /api/v1/banner/delete/cmk3kqcie0001tcogtrxq7oeu","service":"default-service-name","timestamp":"2026-01-07 11:25:14"}
{"level":"info","message":"Incoming request: GET /api/v1/banner","service":"default-service-name","timestamp":"2026-01-07 11:29:03"}
{"level":"info","message":"Incoming request: POST /api/v1/banner/create-banner","service":"default-service-name","timestamp":"2026-01-07 11:29:14"}
{"level":"info","message":"Incoming request: GET /api/v1/banner","service":"default-service-name","timestamp":"2026-01-07 11:29:28"}
{"level":"info","message":"Incoming request: GET /api/v1/banner","service":"default-service-name","timestamp":"2026-01-07 11:30:07"}
{"level":"info","message":"Incoming request: GET /api/v1/banner","service":"default-service-name","timestamp":"2026-01-07 11:31:09"}
{"level":"info","message":"Incoming request: GET /api/v1/banner","service":"default-service-name","timestamp":"2026-01-07 11:35:35"}
{"level":"info","message":"Incoming request: GET /api/v1/patient/profile","service":"default-service-name","timestamp":"2026-01-07 11:46:27"}
{"level":"info","message":"Incoming request: GET /api/v1/patient/doctors/popular","service":"default-service-name","timestamp":"2026-01-07 11:46:58"}
{"level":"info","message":"Incoming request: GET /api/v1/patient/doctors/popular","service":"default-service-name","timestamp":"2026-01-07 11:48:58"}
{"level":"info","message":"Incoming request: GET /api/v1/patient/clinics/nearest","service":"default-service-name","timestamp":"2026-01-07 11:49:20"}
{"level":"info","message":"Incoming request: GET /api/v1/patient/clinics/cmk0oplhm0000tckcpvcrwrd8","service":"default-service-name","timestamp":"2026-01-07 11:49:42"}
{"level":"info","message":"Incoming request: POST /api/v1/clinic/galleries","service":"default-service-name","timestamp":"2026-01-07 11:50:13"}
{"level":"info","message":"Incoming request: GET /api/v1/clinic/info","service":"default-service-name","timestamp":"2026-01-07 11:50:23"}
{"level":"info","message":"Incoming request: GET /api/v1/clinic/info","service":"default-service-name","timestamp":"2026-01-07 11:51:43"}
{"level":"info","message":"Incoming request: GET /api/v1/clinic/info","service":"default-service-name","timestamp":"2026-01-07 11:51:54"}
{"level":"info","message":"Incoming request: GET /api/v1/patient/clinics/nearest","service":"default-service-name","timestamp":"2026-01-07 11:53:05"}
{"level":"info","message":"Incoming request: GET /api/v1/patient/clinics/nearest","service":"default-service-name","timestamp":"2026-01-07 11:53:21"}
{"level":"info","message":"Incoming request: GET /api/v1/clinic/info","service":"default-service-name","timestamp":"2026-01-07 11:53:40"}
{"level":"info","message":"Incoming request: GET /api/v1/patient/clinics/nearest","service":"default-service-name","timestamp":"2026-01-07 11:54:02"}
{"level":"info","message":"Incoming request: GET /api/v1/patient/clinics/cmk0rzw080005tcvwvoimvujc","service":"default-service-name","timestamp":"2026-01-07 11:54:15"}
{"level":"info","message":"Incoming request: GET /api/v1/patient/clinics/cmk0oplhm0000tckcpvcrwrd8","service":"default-service-name","timestamp":"2026-01-07 11:54:59"}
{"level":"info","message":"Incoming request: POST /api/v1/auth/send-otp","service":"default-service-name","timestamp":"2026-01-07 11:56:25"}
{"level":"info","message":"Incoming request: POST /api/v1/auth/verify-otp","service":"default-service-name","timestamp":"2026-01-07 11:56:52"}
{"level":"info","message":"Incoming request: GET /api/v1/clinic/info","service":"default-service-name","timestamp":"2026-01-07 11:57:00"}
{"level":"info","message":"Incoming request: GET /api/v1/clinic/specialists","service":"default-service-name","timestamp":"2026-01-07 11:57:07"}
{"level":"info","message":"Incoming request: POST /api/v1/clinic/specialists","service":"default-service-name","timestamp":"2026-01-07 11:57:20"}
{"level":"info","message":"Incoming request: GET /api/v1/clinic/insurances","service":"default-service-name","timestamp":"2026-01-07 11:57:25"}
{"level":"info","message":"Incoming request: GET /api/v1/clinic/galleries","service":"default-service-name","timestamp":"2026-01-07 11:57:35"}
{"level":"info","message":"Incoming request: POST /api/v1/clinic/insurances","service":"default-service-name","timestamp":"2026-01-07 11:58:14"}
{"level":"info","message":"Incoming request: POST /api/v1/clinic/galleries","service":"default-service-name","timestamp":"2026-01-07 11:58:24"}
{"level":"info","message":"Incoming request: POST /api/v1/clinic/galleries","service":"default-service-name","timestamp":"2026-01-07 11:58:38"}
{"level":"info","message":"Incoming request: GET /api/v1/clinic/galleries","service":"default-service-name","timestamp":"2026-01-07 11:58:45"}
{"level":"info","message":"Incoming request: POST /api/v1/clinic/insurances","service":"default-service-name","timestamp":"2026-01-07 11:58:55"}
{"level":"info","message":"Incoming request: GET /api/v1/clinic/specialists","service":"default-service-name","timestamp":"2026-01-07 11:59:02"}
{"level":"info","message":"Incoming request: GET /api/v1/clinic/insurances","service":"default-service-name","timestamp":"2026-01-07 11:59:12"}
{"level":"info","message":"Incoming request: GET /api/v1/clinic/galleries","service":"default-service-name","timestamp":"2026-01-07 11:59:21"}
{"level":"info","message":"Incoming request: GET /api/v1/clinic/specialists","service":"default-service-name","timestamp":"2026-01-07 12:00:19"}
{"level":"info","message":"Incoming request: POST /api/v1/clinic/specialists","service":"default-service-name","timestamp":"2026-01-07 12:00:42"}
{"level":"info","message":"Incoming request: POST /api/v1/clinic/specialists","service":"default-service-name","timestamp":"2026-01-07 12:03:17"}
{"level":"info","message":"Incoming request: GET /api/v1/clinic/specialists","service":"default-service-name","timestamp":"2026-01-07 12:03:36"}
{"level":"info","message":"Incoming request: POST /api/v1/clinic/specialists","service":"default-service-name","timestamp":"2026-01-07 12:04:04"}
{"level":"info","message":"Incoming request: POST /api/v1/clinic/insurances","service":"default-service-name","timestamp":"2026-01-07 12:04:26"}
{"level":"info","message":"Incoming request: POST /api/v1/clinic/galleries","service":"default-service-name","timestamp":"2026-01-07 12:04:35"}
{"level":"info","message":"Incoming request: POST /api/v1/clinic/galleries","service":"default-service-name","timestamp":"2026-01-07 12:04:43"}
{"level":"info","message":"Incoming request: GET /api/v1/clinic/galleries","service":"default-service-name","timestamp":"2026-01-07 12:04:46"}
{"level":"info","message":"Incoming request: GET /api/v1/clinic/specialists","service":"default-service-name","timestamp":"2026-01-07 12:04:57"}
{"level":"info","message":"Incoming request: GET /api/v1/patient/clinics/cmk0oplhm0000tckcpvcrwrd8","service":"default-service-name","timestamp":"2026-01-07 12:05:10"}
{"level":"info","message":"Incoming request: GET /api/v1/patient/clinics/cmk0oplhm0000tckcpvcrwrd8","service":"default-service-name","timestamp":"2026-01-07 12:06:00"}
{"level":"info","message":"Incoming request: GET /api/v1/patient/clinics/nearest","service":"default-service-name","timestamp":"2026-01-07 12:06:14"}
{"level":"info","message":"Incoming request: GET /api/v1/patient/clinics/nearest","service":"default-service-name","timestamp":"2026-01-07 12:16:52"}
{"level":"info","message":"Incoming request: GET /api/v1/patient/clinics/cmk0oplhm0000tckcpvcrwrd8","service":"default-service-name","timestamp":"2026-01-07 12:26:52"}
{"level":"info","message":"Incoming request: GET /api/v1/patient/get-clinic-doctors/cmk0oplhm0000tckcpvcrwrd8","service":"default-service-name","timestamp":"2026-01-07 12:36:30"}
{"level":"info","message":"Incoming request: GET /api/v1/patient/get-clinic-doctors/cmk0oplhm0000tckcpvcrwrd8?page=1&limit=0","service":"default-service-name","timestamp":"2026-01-07 12:37:33"}
{"level":"info","message":"Incoming request: GET /api/v1/patient/get-clinic-doctors/cmk0oplhm0000tckcpvcrwrd8?page=1&limit=10","service":"default-service-name","timestamp":"2026-01-07 12:37:42"}
{"level":"info","message":"Incoming request: GET /api/v1/patient/get-clinic-doctors/cmk0oplhm0000tckcpvcrwrd8","service":"default-service-name","timestamp":"2026-01-07 12:40:59"}
{"level":"info","message":"Incoming request: GET /api/v1/patient/get-clinic-doctors/cmk0oplhm0000tckcpvcrwrd8","service":"default-service-name","timestamp":"2026-01-07 12:44:40"}
{"level":"info","message":"Incoming request: GET /api/v1/patient/get-clinic-doctors/cmk0oplhm0000tckcpvcrwrd8","service":"default-service-name","timestamp":"2026-01-07 14:33:33"}
{"level":"info","message":"Incoming request: GET /api/v1/patient/get-clinic-doctors/cmk0oplhm0000tckcpvcrwrd8","service":"default-service-name","timestamp":"2026-01-07 14:34:18"}
{"level":"info","message":"Incoming request: GET /api/v1/patient/get-clinic-doctors/cmk0oplhm0000tckcpvcrwrd8","service":"default-service-name","timestamp":"2026-01-07 14:48:31"}
{"level":"info","message":"Incoming request: GET /api/v1/patient/get-clinic-doctors/cmk0oplhm0000tckcpvcrwrd8","service":"default-service-name","timestamp":"2026-01-07 14:49:58"}
{"level":"info","message":"Incoming request: GET /api/v1/patient/get-clinic-doctors/cmk0oplhm0000tckcpvcrwrd8","service":"default-service-name","timestamp":"2026-01-07 14:50:16"}
{"level":"info","message":"Incoming request: GET /api/v1/patient/get-clinic-doctors/cmk0oplhm0000tckcpvcrwrd8","service":"default-service-name","timestamp":"2026-01-07 14:55:04"}
{"level":"info","message":"Incoming request: GET /api/v1/patient/get-clinic-doctors/cmk0oplhm0000tckcpvcrwrd8","service":"default-service-name","timestamp":"2026-01-07 15:03:17"}
{"level":"info","message":"Incoming request: GET /api/v1/patient/get-doctor/cmk0s9aqg0007tcvwtfublcey","service":"default-service-name","timestamp":"2026-01-07 15:10:30"}
{"level":"info","message":"Incoming request: GET /api/v1/patient/get-clinic-doctors/cmk0oplhm0000tckcpvcrwrd8","service":"default-service-name","timestamp":"2026-01-07 15:15:02"}
{"level":"info","message":"Incoming request: GET /api/v1/patient/get-doctor/cmk0s9aqg0007tcvwtfublcey","service":"default-service-name","timestamp":"2026-01-07 15:42:36"}
{"level":"info","message":"Incoming request: POST /api/v1/doctor/working-hours","service":"default-service-name","timestamp":"2026-01-07 16:07:39"}
{"level":"info","message":"Incoming request: GET /api/v1/patient/get-doctor/cmk0s9aqg0007tcvwtfublcey","service":"default-service-name","timestamp":"2026-01-07 16:10:03"}
{"level":"info","message":"Incoming request: GET /api/v1/patient/get-doctor/cmk0s9aqg0007tcvwtfublcey","service":"default-service-name","timestamp":"2026-01-07 16:12:14"}
{"level":"info","message":"Incoming request: GET /api/v1/patient/clinics/cmk0oplhm0000tckcpvcrwrd8","service":"default-service-name","timestamp":"2026-01-08 08:55:56"}
{"level":"info","message":"Incoming request: GET /api/v1/patient/clinics/cmk0oplhm0000tckcpvcrwrd8","service":"default-service-name","timestamp":"2026-01-08 08:56:51"}
{"level":"info","message":"Incoming request: GET /api/v1/patient/clinics/cmk0oplhm0000tckcpvcrwrd8","service":"default-service-name","timestamp":"2026-01-08 08:58:12"}
{"level":"info","message":"Incoming request: GET /api/v1/patient/clinics/cmk0oplhm0000tckcpvcrwrd8","service":"default-service-name","timestamp":"2026-01-08 08:58:29"}
{"level":"info","message":"Incoming request: GET /api/v1/clinic/info","service":"default-service-name","timestamp":"2026-01-08 09:00:00"}
{"level":"info","message":"Incoming request: GET /api/v1/patient/clinics/cmk0oplhm0000tckcpvcrwrd8","service":"default-service-name","timestamp":"2026-01-08 09:00:14"}
{"level":"info","message":"Incoming request: PATCH /api/v1/clinic/update-info","service":"default-service-name","timestamp":"2026-01-08 09:00:34"}
{"level":"info","message":"Incoming request: GET /api/v1/patient/clinics/cmk0oplhm0000tckcpvcrwrd8","service":"default-service-name","timestamp":"2026-01-08 09:00:51"}
{"level":"info","message":"Incoming request: GET /api/v1/patient/clinics/cmk0oplhm0000tckcpvcrwrd8","service":"default-service-name","timestamp":"2026-01-08 09:02:01"}
{"level":"info","message":"Incoming request: GET /api/v1/patient/get-clinic-doctors/cmk0oplhm0000tckcpvcrwrd8","service":"default-service-name","timestamp":"2026-01-08 09:19:05"}
{"level":"info","message":"Incoming request: GET /api/v1/patient/clinics/cmk0oplhm0000tckcpvcrwrd8","service":"default-service-name","timestamp":"2026-01-08 09:22:29"}
{"level":"info","message":"Incoming request: GET /api/v1/patient/get-doctor/cmk0s9aqg0007tcvwtfublcey","service":"default-service-name","timestamp":"2026-01-08 10:29:12"}
{"level":"info","message":"Incoming request: GET /api/v1/patient/appointment-booking","service":"default-service-name","timestamp":"2026-01-08 10:30:07"}
{"level":"info","message":"Incoming request: POST /api/v1/patient/appointment-booking","service":"default-service-name","timestamp":"2026-01-08 10:30:24"}
{"level":"info","message":"Incoming request: GET /api/v1/patient/get-doctor/cmk0s9aqg0007tcvwtfublcey","service":"default-service-name","timestamp":"2026-01-08 10:35:20"}
{"level":"info","message":"Incoming request: POST /api/v1/patient/appointment-booking","service":"default-service-name","timestamp":"2026-01-08 10:35:44"}
{"level":"info","message":"Incoming request: POST /api/v1/patient/appointment-booking","service":"default-service-name","timestamp":"2026-01-08 10:36:45"}
{"level":"info","message":"Incoming request: GET /api/v1/patient/get-doctor/cmk0s9aqg0007tcvwtfublcey","service":"default-service-name","timestamp":"2026-01-08 10:36:50"}
{"level":"info","message":"Incoming request: POST /api/v1/patient/appointment-booking","service":"default-service-name","timestamp":"2026-01-08 10:37:05"}
{"level":"info","message":"Incoming request: GET /api/v1/patient/get-doctor/cmk0s9aqg0007tcvwtfublcey","service":"default-service-name","timestamp":"2026-01-08 10:37:11"}
{"level":"info","message":"Incoming request: GET /api/v1/patient/get-doctor/cmk0s9aqg0007tcvwtfublcey","service":"default-service-name","timestamp":"2026-01-08 10:57:35"}
{"level":"info","message":"Incoming request: POST /api/v1/patient/appointment-booking","service":"default-service-name","timestamp":"2026-01-08 10:58:05"}
{"level":"info","message":"Incoming request: POST /api/v1/patient/appointment-booking","service":"default-service-name","timestamp":"2026-01-08 10:59:14"}
{"level":"info","message":"Incoming request: POST /api/v1/patient/appointment-booking","service":"default-service-name","timestamp":"2026-01-08 11:00:27"}
{"level":"info","message":"Incoming request: POST /api/v1/patient/appointment-booking","service":"default-service-name","timestamp":"2026-01-08 11:03:48"}
{"level":"info","message":"Incoming request: POST /api/v1/patient/appointment-accept/cmk4zfmfz0005tcrsi5csvm7f","service":"default-service-name","timestamp":"2026-01-08 11:26:03"}
{"level":"info","message":"Incoming request: PATCH /api/v1/patient/appointment-accept/cmk4zfmfz0005tcrsi5csvm7f","service":"default-service-name","timestamp":"2026-01-08 11:26:07"}
{"level":"info","message":"Incoming request: PATCH /api/v1/patient/appointment-accept/cmk4zfmfz0005tcrsi5csvm7f","service":"default-service-name","timestamp":"2026-01-08 11:26:20"}
{"level":"info","message":"Incoming request: POST /api/v1/patient/appointment-booking","service":"default-service-name","timestamp":"2026-01-08 11:26:34"}
{"level":"info","message":"Incoming request: PATCH /api/v1/patient/appointment-accept/cmk508v290001tc8ongxpflag","service":"default-service-name","timestamp":"2026-01-08 11:26:50"}
{"level":"info","message":"Incoming request: PATCH /api/v1/patient/appointment-accept/cmk508v290001tc8ongxpflag","service":"default-service-name","timestamp":"2026-01-08 11:27:01"}
{"level":"info","message":"Incoming request: PATCH /api/v1/patient/appointment-cancel/cmk508v290001tc8ongxpflag","service":"default-service-name","timestamp":"2026-01-08 11:27:28"}
{"level":"info","message":"Incoming request: PATCH /api/v1/patient/appointment-cancel/cmk508v290001tc8ongxpflag","service":"default-service-name","timestamp":"2026-01-08 11:27:41"}
{"level":"info","message":"Incoming request: PATCH /api/v1/patient/appointment-accept/cmk4zfmfz0005tcrsi5csvm7f","service":"default-service-name","timestamp":"2026-01-08 11:27:49"}
{"level":"info","message":"Incoming request: PATCH /api/v1/patient/appointment-accept/cmk508v290001tc8ongxpflag","service":"default-service-name","timestamp":"2026-01-08 11:28:02"}
{"level":"info","message":"Incoming request: PATCH /api/v1/patient/appointment-history","service":"default-service-name","timestamp":"2026-01-08 11:28:39"}
{"level":"info","message":"Incoming request: GET /api/v1/patient/appointment-history","service":"default-service-name","timestamp":"2026-01-08 11:28:42"}
{"level":"info","message":"Incoming request: GET /api/v1/patient/doctors/popular","service":"default-service-name","timestamp":"2026-01-08 11:38:21"}
{"level":"info","message":"Incoming request: GET /api/v1/patient/get-clinic-doctors/cmk0oplhm0000tckcpvcrwrd8","service":"default-service-name","timestamp":"2026-01-08 11:38:55"}
{"level":"info","message":"Incoming request: GET /api/v1/patient/get-doctor/cmk0rzw080005tcvwvoimvujc","service":"default-service-name","timestamp":"2026-01-08 11:39:22"}
{"level":"info","message":"Incoming request: GET /api/v1/patient/get-clinic-doctors/cmk0oplhm0000tckcpvcrwrd8","service":"default-service-name","timestamp":"2026-01-08 11:42:38"}
{"level":"info","message":"Incoming request: GET /api/v1/patient/get-doctor/cmk0rzw080005tcvwvoimvujc","service":"default-service-name","timestamp":"2026-01-08 11:42:50"}
{"level":"info","message":"Incoming request: GET /api/v1/patient/get-doctor/cmk0s9aqg0007tcvwtfublcey","service":"default-service-name","timestamp":"2026-01-08 11:43:07"}
{"level":"info","message":"Incoming request: GET /api/v1/patient/get-doctor/cmk0s9aqg0007tcvwtfublcey","service":"default-service-name","timestamp":"2026-01-08 11:44:04"}
{"level":"info","message":"Incoming request: GET /api/v1/patient/doctors/popular","service":"default-service-name","timestamp":"2026-01-08 11:44:14"}
{"level":"info","message":"Incoming request: GET /api/v1/patient/doctors/popular","service":"default-service-name","timestamp":"2026-01-08 11:45:17"}
{"level":"info","message":"Incoming request: GET /api/v1/patient/doctors/popular","service":"default-service-name","timestamp":"2026-01-08 11:46:16"}
{"level":"info","message":"Incoming request: GET /api/v1/patient/get-clinic-doctors/cmk0oplhm0000tckcpvcrwrd8","service":"default-service-name","timestamp":"2026-01-08 11:47:47"}
{"level":"info","message":"Incoming request: GET /api/v1/patient/get-doctor/cmk0s9aqg0007tcvwtfublcey","service":"default-service-name","timestamp":"2026-01-08 11:48:10"}
{"level":"info","message":"Incoming request: GET /api/v1/patient/get-clinic-doctors/cmk0oplhm0000tckcpvcrwrd8","service":"default-service-name","timestamp":"2026-01-08 11:49:43"}
{"level":"info","message":"Incoming request: GET /api/v1/patient/doctors/popular","service":"default-service-name","timestamp":"2026-01-08 11:50:21"}
{"level":"info","message":"Incoming request: GET /api/v1/patient/get-doctor/cmk0nke6x0001tc0sbjcvcqzh","service":"default-service-name","timestamp":"2026-01-08 11:50:38"}
{"level":"info","message":"Incoming request: GET /api/v1/patient/get-doctor/cmk0oplhm0000tckcpvcrwrd8","service":"default-service-name","timestamp":"2026-01-08 12:02:02"}
{"level":"info","message":"Incoming request: GET /api/v1/patient/get-doctor/cmk0nke6x0001tc0sbjcvcqzh","service":"default-service-name","timestamp":"2026-01-08 12:02:55"}
{"level":"info","message":"Incoming request: GET /api/v1/patient/get-doctor/cmk0s9aqg0007tcvwtfublcey","service":"default-service-name","timestamp":"2026-01-08 12:03:25"}
{"level":"info","message":"Incoming request: POST /api/v1/rating","service":"default-service-name","timestamp":"2026-01-08 12:29:17"}
{"level":"info","message":"Incoming request: POST /api/v1/rating","service":"default-service-name","timestamp":"2026-01-08 12:29:18"}
{"level":"info","message":"Incoming request: POST /api/v1/rating","service":"default-service-name","timestamp":"2026-01-08 12:29:29"}
{"level":"info","message":"Incoming request: POST /api/v1/rating","service":"default-service-name","timestamp":"2026-01-08 12:29:56"}
{"level":"info","message":"Incoming request: POST /api/v1/rating","service":"default-service-name","timestamp":"2026-01-08 12:30:11"}
{"level":"info","message":"Incoming request: POST /api/v1/rating","service":"default-service-name","timestamp":"2026-01-08 12:30:55"}
{"level":"info","message":"Incoming request: POST /api/v1/rating","service":"default-service-name","timestamp":"2026-01-08 12:32:48"}
{"level":"info","message":"Incoming request: POST /api/v1/rating","service":"default-service-name","timestamp":"2026-01-08 12:32:55"}
{"level":"info","message":"Incoming request: GET /api/v1/patient/appointment-history","service":"default-service-name","timestamp":"2026-01-08 12:33:09"}
{"level":"info","message":"Incoming request: GET /api/v1/patient/appointment-history","service":"default-service-name","timestamp":"2026-01-08 12:34:49"}
{"level":"info","message":"Incoming request: GET /api/v1/patient/appointment-history","service":"default-service-name","timestamp":"2026-01-08 12:47:21"}
{"level":"info","message":"Incoming request: GET /api/v1/patient/doctors/popular","service":"default-service-name","timestamp":"2026-01-08 12:47:51"}
{"level":"info","message":"Incoming request: GET /api/v1/patient/appointment-history","service":"default-service-name","timestamp":"2026-01-08 12:52:38"}
{"level":"info","message":"Incoming request: GET /api/v1/patient/appointment-history","service":"default-service-name","timestamp":"2026-01-08 12:54:45"}
{"level":"info","message":"Incoming request: GET /api/v1/patient/appointment-history","service":"default-service-name","timestamp":"2026-01-08 12:56:11"}
{"level":"info","message":"Incoming request: GET /api/v1/patient/appointment-history","service":"default-service-name","timestamp":"2026-01-08 12:56:38"}
{"level":"info","message":"Incoming request: GET /api/v1/clinic/booking-history","service":"default-service-name","timestamp":"2026-01-08 15:30:40"}
{"level":"info","message":"Incoming request: GET /api/v1/clinic/booking-history?page=1&limit=1","service":"default-service-name","timestamp":"2026-01-08 15:31:10"}
{"level":"info","message":"Incoming request: GET /api/v1/clinic/booking-history","service":"default-service-name","timestamp":"2026-01-08 15:31:17"}
{"level":"info","message":"Incoming request: GET /api/v1/patient/appointment-history","service":"default-service-name","timestamp":"2026-01-08 15:32:59"}
{"level":"info","message":"Incoming request: GET /api/v1/patient/appointment-history","service":"default-service-name","timestamp":"2026-01-08 15:34:00"}
{"level":"info","message":"Incoming request: GET /api/v1/patient/appointment-history","service":"default-service-name","timestamp":"2026-01-08 15:50:35"}
{"level":"info","message":"Incoming request: GET /api/v1/patient/appointment-history","service":"default-service-name","timestamp":"2026-01-08 15:50:46"}
{"level":"info","message":"Incoming request: POST /api/v1/patient/appointment-booking","service":"default-service-name","timestamp":"2026-01-08 15:51:10"}
{"level":"info","message":"Incoming request: GET /api/v1/clinic/booking-history","service":"default-service-name","timestamp":"2026-01-08 15:59:53"}
{"level":"info","message":"Incoming request: GET /api/v1/clinic/booking-history?page=1&limit=1","service":"default-service-name","timestamp":"2026-01-08 16:00:05"}
{"level":"info","message":"Incoming request: GET /api/v1/clinic/booking-history?page=1&limit=1","service":"default-service-name","timestamp":"2026-01-08 16:00:41"}
{"level":"info","message":"Incoming request: GET /api/v1/clinic/booking-history?page=1","service":"default-service-name","timestamp":"2026-01-08 16:00:48"}
{"level":"info","message":"Incoming request: GET /api/v1/clinic/booking-history?page=1&status=PENDING","service":"default-service-name","timestamp":"2026-01-08 16:01:27"}
{"level":"info","message":"Incoming request: GET /api/v1/clinic/booking-history?page=1&doctorId=cmk0oplhm0000tckcpvcrwrd8","service":"default-service-name","timestamp":"2026-01-08 16:05:40"}
{"level":"info","message":"Incoming request: GET /api/v1/clinic/booking-history?page=1","service":"default-service-name","timestamp":"2026-01-08 16:05:49"}
{"level":"info","message":"Incoming request: GET /api/v1/clinic/booking-history?status=PENDING","service":"default-service-name","timestamp":"2026-01-08 16:06:56"}
{"level":"info","message":"Incoming request: GET /api/v1/clinic/booking-history?doctorId=cmk0s9aqg0007tcvwtfublcey","service":"default-service-name","timestamp":"2026-01-08 16:07:02"}
{"level":"info","message":"Incoming request: GET /api/v1/clinic/booking-history","service":"default-service-name","timestamp":"2026-01-08 16:07:09"}
{"level":"info","message":"Incoming request: GET /api/v1/clinic/booking-history?doctorId=cmk0s9aqg0007tcvwtfublcey","service":"default-service-name","timestamp":"2026-01-08 16:08:06"}
{"level":"info","message":"Incoming request: GET /api/v1/clinic/booking-history?status=PENDING&doctorId=cmk0s9aqg0007tcvwtfublcey&searchTerm","service":"default-service-name","timestamp":"2026-01-08 16:15:24"}
{"level":"info","message":"Incoming request: GET /api/v1/clinic/stats","service":"default-service-name","timestamp":"2026-01-08 16:25:56"}
{"level":"info","message":"Incoming request: GET /api/v1/patient/appointment-history","service":"default-service-name","timestamp":"2026-01-08 16:27:13"}
{"level":"info","message":"Incoming request: GET /api/v1/clinic/stats","service":"default-service-name","timestamp":"2026-01-08 16:29:00"}
{"level":"info","message":"Incoming request: POST /api/v1/patient/appointment-booking","service":"default-service-name","timestamp":"2026-01-08 16:30:37"}
{"level":"info","message":"Incoming request: POST /api/v1/patient/appointment-booking","service":"default-service-name","timestamp":"2026-01-08 16:31:08"}
{"level":"info","message":"Incoming request: POST /api/v1/doctor/working-hours","service":"default-service-name","timestamp":"2026-01-08 16:31:30"}
{"level":"info","message":"Incoming request: POST /api/v1/doctor/working-hours","service":"default-service-name","timestamp":"2026-01-08 16:31:52"}
{"level":"info","message":"Incoming request: POST /api/v1/doctor/working-hours","service":"default-service-name","timestamp":"2026-01-08 16:32:29"}
{"level":"info","message":"Incoming request: GET /api/v1/doctor/working-hours?day=MONDAY","service":"default-service-name","timestamp":"2026-01-08 16:33:06"}
{"level":"info","message":"Incoming request: GET /api/v1/patient/get-doctor/cmk0s9aqg0007tcvwtfublcey","service":"default-service-name","timestamp":"2026-01-08 16:33:31"}
{"level":"info","message":"Incoming request: POST /api/v1/patient/appointment-booking","service":"default-service-name","timestamp":"2026-01-08 16:34:03"}
{"level":"info","message":"Incoming request: GET /api/v1/patient/get-doctor/cmk0s9aqg0007tcvwtfublcey","service":"default-service-name","timestamp":"2026-01-08 16:35:21"}
{"level":"info","message":"Incoming request: GET /api/v1/clinic/stats","service":"default-service-name","timestamp":"2026-01-08 16:36:47"}
{"level":"info","message":"Incoming request: POST /api/v1/patient/appointment-booking","service":"default-service-name","timestamp":"2026-01-08 16:39:37"}
{"level":"info","message":"Incoming request: GET /api/v1/doctor/working-hours?day=MONDAY","service":"default-service-name","timestamp":"2026-01-08 16:40:10"}
{"level":"info","message":"Incoming request: GET /api/v1/doctor/working-hours","service":"default-service-name","timestamp":"2026-01-08 16:40:27"}
{"level":"info","message":"Incoming request: GET /api/v1/doctor/working-hours?day=MONDAY","service":"default-service-name","timestamp":"2026-01-08 16:40:32"}
{"level":"info","message":"Incoming request: GET /api/v1/patient/get-doctor/cmk0s9aqg0007tcvwtfublcey","service":"default-service-name","timestamp":"2026-01-08 16:40:56"}
{"level":"info","message":"Incoming request: POST /api/v1/patient/appointment-booking","service":"default-service-name","timestamp":"2026-01-08 16:41:49"}
{"level":"info","message":"Incoming request: GET /api/v1/clinic/booking-history","service":"default-service-name","timestamp":"2026-01-08 16:43:37"}
{"level":"info","message":"Incoming request: GET /api/v1/clinic/stats","service":"default-service-name","timestamp":"2026-01-08 16:45:40"}
{"level":"info","message":"Incoming request: GET /api/v1/clinic/stats","service":"default-service-name","timestamp":"2026-01-08 16:47:35"}
{"level":"info","message":"Incoming request: GET /api/v1/clinic/booking-history","service":"default-service-name","timestamp":"2026-01-08 16:56:28"}
{"level":"info","message":"Incoming request: PATCH /api/v1/clinic/update/appointment-status","service":"default-service-name","timestamp":"2026-01-08 16:56:44"}
{"level":"info","message":"Incoming request: PATCH /api/v1/clinic/update/appointment-status","service":"default-service-name","timestamp":"2026-01-08 16:58:08"}
{"level":"info","message":"Incoming request: PATCH /api/v1/clinic/update/appointment-status","service":"default-service-name","timestamp":"2026-01-08 16:58:35"}
{"level":"info","message":"Incoming request: GET /api/v1/clinic/booking-history","service":"default-service-name","timestamp":"2026-01-08 16:58:49"}
{"level":"info","message":"Incoming request: GET /api/v1/clinic/stats","service":"default-service-name","timestamp":"2026-01-09 09:41:27"}
{"level":"info","message":"Incoming request: GET /api/v1/patient/appointment-history","service":"default-service-name","timestamp":"2026-01-09 09:47:24"}
{"level":"info","message":"Incoming request: GET /api/v1/patient/appointment-history","service":"default-service-name","timestamp":"2026-01-09 09:48:23"}
{"level":"info","message":"Incoming request: GET /api/v1/clinic/manager-stats","service":"default-service-name","timestamp":"2026-01-09 10:20:27"}
{"level":"info","message":"Incoming request: PATCH /api/v1/clinic/stats","service":"default-service-name","timestamp":"2026-01-09 10:23:17"}
{"level":"info","message":"Incoming request: GET /api/v1/clinic/stats","service":"default-service-name","timestamp":"2026-01-09 10:23:22"}
{"level":"info","message":"Incoming request: GET /api/v1/clinic/stats","service":"default-service-name","timestamp":"2026-01-09 10:23:31"}
{"level":"info","message":"Incoming request: GET /api/v1/clinic/stats","service":"default-service-name","timestamp":"2026-01-09 10:24:19"}
{"level":"info","message":"Incoming request: POST /api/v1/patient/patient-insurance","service":"default-service-name","timestamp":"2026-01-09 11:11:10"}
{"level":"info","message":"Incoming request: POST /api/v1/patient/patient-insurance","service":"default-service-name","timestamp":"2026-01-09 11:12:51"}
{"level":"info","message":"Incoming request: POST /api/v1/patient/patient-insurance","service":"default-service-name","timestamp":"2026-01-09 11:13:37"}
{"level":"info","message":"Incoming request: PATCH /api/v1/patient/update-insurance-insurance/cmk6f80ju0001tc4o3k9zcd5p","service":"default-service-name","timestamp":"2026-01-09 11:22:37"}
{"level":"info","message":"Incoming request: PATCH /api/v1/patient/update-insurance/cmk6f80ju0001tc4o3k9zcd5p","service":"default-service-name","timestamp":"2026-01-09 11:24:07"}
{"level":"info","message":"Incoming request: POST /api/v1/patient/insurance","service":"default-service-name","timestamp":"2026-01-09 11:25:18"}
{"level":"info","message":"Incoming request: POST /api/v1/patient/insurance","service":"default-service-name","timestamp":"2026-01-09 11:27:14"}
{"level":"info","message":"Incoming request: GET /api/v1/patient/profile","service":"default-service-name","timestamp":"2026-01-09 11:28:11"}
{"level":"info","message":"Incoming request: GET /api/v1/patient/profile","service":"default-service-name","timestamp":"2026-01-09 11:28:27"}
{"level":"info","message":"Incoming request: DELETE /api/v1/patient/delete-insurance/cmk6fposd0001tcrciyf91ev6","service":"default-service-name","timestamp":"2026-01-09 11:28:45"}
{"level":"info","message":"Incoming request: GET /api/v1/patient/profile","service":"default-service-name","timestamp":"2026-01-09 11:28:48"}
{"level":"info","message":"Incoming request: POST /api/v1/patient/appointment-booking","service":"default-service-name","timestamp":"2026-01-09 12:22:30"}
{"level":"info","message":"Incoming request: POST /api/v1/patient/appointment-booking","service":"default-service-name","timestamp":"2026-01-09 12:25:55"}
{"level":"info","message":"Incoming request: POST /api/v1/patient/appointment-booking","service":"default-service-name","timestamp":"2026-01-09 12:26:44"}
{"level":"info","message":"Incoming request: POST /api/v1/patient/appointment-booking","service":"default-service-name","timestamp":"2026-01-09 12:26:47"}
{"level":"info","message":"Incoming request: POST /api/v1/patient/appointment-booking","service":"default-service-name","timestamp":"2026-01-09 12:26:53"}
{"level":"info","message":"Incoming request: POST /api/v1/patient/appointment-booking","service":"default-service-name","timestamp":"2026-01-09 12:27:03"}
{"level":"info","message":"Incoming request: GET /api/v1/doctor/working-hours?day=MONDAY","service":"default-service-name","timestamp":"2026-01-09 12:34:02"}
{"level":"info","message":"Incoming request: GET /api/v1/doctor/working-hours","service":"default-service-name","timestamp":"2026-01-09 12:34:15"}
{"level":"info","message":"Incoming request: POST /api/v1/doctor/working-hours","service":"default-service-name","timestamp":"2026-01-09 12:34:21"}
{"level":"info","message":"Incoming request: GET /api/v1/doctor/working-hours","service":"default-service-name","timestamp":"2026-01-09 12:34:31"}
{"level":"info","message":"Incoming request: POST /api/v1/doctor/working-hours","service":"default-service-name","timestamp":"2026-01-09 12:35:16"}
{"level":"info","message":"Incoming request: GET /api/v1/doctor/working-hours","service":"default-service-name","timestamp":"2026-01-09 12:36:04"}
{"level":"info","message":"Incoming request: GET /api/v1/doctor/working-hours","service":"default-service-name","timestamp":"2026-01-09 12:37:03"}
{"level":"info","message":"Incoming request: GET /api/v1/doctor/profile","service":"default-service-name","timestamp":"2026-01-09 12:40:09"}
{"level":"info","message":"Incoming request: GET /api/v1/doctor/appointments","service":"default-service-name","timestamp":"2026-01-09 15:28:35"}
{"level":"info","message":"Incoming request: GET /api/v1/doctor/appointments","service":"default-service-name","timestamp":"2026-01-09 15:28:47"}
{"level":"info","message":"Incoming request: GET /api/v1/doctor/appointments","service":"default-service-name","timestamp":"2026-01-09 15:54:31"}
{"level":"info","message":"Incoming request: GET /api/v1/doctor/working-hours","service":"default-service-name","timestamp":"2026-01-09 16:00:18"}
{"level":"info","message":"Incoming request: POST /api/v1/doctor/working-hours","service":"default-service-name","timestamp":"2026-01-09 16:00:52"}
{"level":"info","message":"Incoming request: POST /api/v1/doctor/working-hours","service":"default-service-name","timestamp":"2026-01-09 16:01:10"}
{"level":"info","message":"Incoming request: POST /api/v1/doctor/working-hours","service":"default-service-name","timestamp":"2026-01-09 16:01:34"}
{"level":"info","message":"Incoming request: GET /api/v1/doctor/working-hours","service":"default-service-name","timestamp":"2026-01-09 16:01:45"}
{"level":"info","message":"Incoming request: GET /api/v1/doctor/working-hours","service":"default-service-name","timestamp":"2026-01-09 16:02:19"}
{"level":"info","message":"Incoming request: POST /api/v1/doctor/working-hours","service":"default-service-name","timestamp":"2026-01-09 16:02:34"}
{"level":"info","message":"Incoming request: POST /api/v1/doctor/working-hours","service":"default-service-name","timestamp":"2026-01-09 16:02:46"}
{"level":"info","message":"Incoming request: POST /api/v1/doctor/working-hours","service":"default-service-name","timestamp":"2026-01-09 16:04:48"}
{"level":"info","message":"Incoming request: GET /api/v1/doctor/working-hours","service":"default-service-name","timestamp":"2026-01-09 16:05:04"}
{"level":"info","message":"Incoming request: GET /api/v1/doctor/working-hours","service":"default-service-name","timestamp":"2026-01-09 16:06:11"}
{"level":"info","message":"Incoming request: POST /api/v1/doctor/working-hours","service":"default-service-name","timestamp":"2026-01-09 16:06:31"}
{"level":"info","message":"Incoming request: POST /api/v1/doctor/working-hours","service":"default-service-name","timestamp":"2026-01-09 16:07:05"}
{"level":"info","message":"Incoming request: GET /api/v1/doctor/working-hours","service":"default-service-name","timestamp":"2026-01-09 16:07:14"}
{"level":"info","message":"Incoming request: POST /api/v1/doctor/working-hours","service":"default-service-name","timestamp":"2026-01-09 16:07:29"}
{"level":"info","message":"Incoming request: GET /api/v1/doctor/working-hours","service":"default-service-name","timestamp":"2026-01-09 16:07:45"}
{"level":"info","message":"Incoming request: POST /api/v1/doctor/working-hours","service":"default-service-name","timestamp":"2026-01-09 16:08:06"}
{"level":"info","message":"Incoming request: POST /api/v1/doctor/working-hours","service":"default-service-name","timestamp":"2026-01-09 16:09:01"}
{"level":"info","message":"Incoming request: POST /api/v1/doctor/working-hours","service":"default-service-name","timestamp":"2026-01-09 16:16:42"}
{"level":"info","message":"Incoming request: GET /api/v1/doctor/profile","service":"default-service-name","timestamp":"2026-01-09 16:16:55"}
{"level":"info","message":"Incoming request: GET /api/v1/doctor/working-hours","service":"default-service-name","timestamp":"2026-01-09 16:17:02"}
{"level":"info","message":"Incoming request: POST /api/v1/doctor/working-hours","service":"default-service-name","timestamp":"2026-01-09 16:17:18"}
{"level":"info","message":"Incoming request: GET /api/v1/doctor/working-hours","service":"default-service-name","timestamp":"2026-01-09 16:17:26"}
{"level":"info","message":"Incoming request: POST /api/v1/doctor/working-hours","service":"default-service-name","timestamp":"2026-01-09 16:18:05"}
{"level":"info","message":"Incoming request: GET /api/v1/doctor/working-hours","service":"default-service-name","timestamp":"2026-01-09 16:18:18"}
{"level":"info","message":"Incoming request: GET /api/v1/doctor/working-hours","service":"default-service-name","timestamp":"2026-01-09 16:18:30"}
{"level":"info","message":"Incoming request: POST /api/v1/doctor/working-hours","service":"default-service-name","timestamp":"2026-01-09 16:18:43"}
{"level":"info","message":"Incoming request: POST /api/v1/doctor/working-hours","service":"default-service-name","timestamp":"2026-01-09 16:18:57"}
{"level":"info","message":"Incoming request: GET /api/v1/doctor/working-hours","service":"default-service-name","timestamp":"2026-01-09 16:19:05"}
{"level":"info","message":"Incoming request: GET /api/v1/patient/get-doctor/cmk0s9aqg0007tcvwtfublcey","service":"default-service-name","timestamp":"2026-01-09 16:35:34"}
{"level":"info","message":"Incoming request: POST /api/v1/patient/appointment-booking","service":"default-service-name","timestamp":"2026-01-09 16:35:59"}
{"level":"info","message":"Incoming request: POST /api/v1/patient/appointment-booking","service":"default-service-name","timestamp":"2026-01-09 16:36:09"}
{"level":"info","message":"Incoming request: GET /api/v1/clinic/booking-history","service":"default-service-name","timestamp":"2026-01-09 16:59:53"}
{"level":"info","message":"Incoming request: GET /api/v1/clinic/booking-history?doctorId=cmk0s9aqg0007tcvwtfublcey","service":"default-service-name","timestamp":"2026-01-09 17:01:03"}
{"level":"info","message":"Incoming request: GET /api/v1/clinic/booking-history","service":"default-service-name","timestamp":"2026-01-09 17:01:59"}
{"level":"info","message":"Incoming request: GET /api/v1/clinic/booking-history","service":"default-service-name","timestamp":"2026-01-09 17:06:12"}
{"level":"info","message":"Incoming request: PATCH /api/v1/clinic/update/appointment-status","service":"default-service-name","timestamp":"2026-01-09 17:06:32"}
{"level":"info","message":"Incoming request: GET /api/v1/clinic/booking-history","service":"default-service-name","timestamp":"2026-01-09 17:06:43"}
{"level":"info","message":"Incoming request: PATCH /api/v1/clinic/update/appointment-status","service":"default-service-name","timestamp":"2026-01-09 17:06:56"}
{"level":"info","message":"Incoming request: GET /api/v1/clinic/booking-history","service":"default-service-name","timestamp":"2026-01-09 17:07:02"}
{"level":"info","message":"Incoming request: GET /api/v1/clinic/booking-history?status=PENDING","service":"default-service-name","timestamp":"2026-01-09 17:09:00"}
{"level":"info","message":"Incoming request: GET /api/v1/doctor/appointments","service":"default-service-name","timestamp":"2026-01-09 17:13:22"}
{"level":"info","message":"Incoming request: GET /api/v1/doctor/appointments?page=1&limit=2","service":"default-service-name","timestamp":"2026-01-09 17:14:07"}
{"level":"info","message":"Incoming request: GET /api/v1/clinic/stats","service":"default-service-name","timestamp":"2026-01-10 09:08:17"}
{"level":"info","message":"Incoming request: GET /api/v1/clinic/booking-history","service":"default-service-name","timestamp":"2026-01-10 09:08:27"}
{"level":"info","message":"Incoming request: GET /api/v1/clinic/doctor","service":"default-service-name","timestamp":"2026-01-10 09:17:31"}
{"level":"info","message":"Incoming request: GET /api/v1/clinic/doctors","service":"default-service-name","timestamp":"2026-01-10 09:17:51"}
{"level":"info","message":"Incoming request: GET /api/v1/clinic/doctors?page=1&limit=1","service":"default-service-name","timestamp":"2026-01-10 09:18:05"}
{"level":"info","message":"Incoming request: GET /api/v1/clinic/doctors","service":"default-service-name","timestamp":"2026-01-10 09:18:23"}
{"level":"info","message":"Incoming request: GET /api/v1/clinic/doctors?specialty=Cardiology","service":"default-service-name","timestamp":"2026-01-10 09:18:33"}
{"level":"info","message":"Incoming request: GET /api/v1/clinic/doctors?specialty=Cardiologys","service":"default-service-name","timestamp":"2026-01-10 09:18:40"}
{"level":"info","message":"Incoming request: GET /api/v1/clinic/doctors","service":"default-service-name","timestamp":"2026-01-10 09:18:46"}
{"level":"info","message":"Incoming request: GET /api/v1/clinic/doctors?specialty=Dhs%27;l%27lgfd","service":"default-service-name","timestamp":"2026-01-10 09:19:01"}
{"level":"info","message":"Incoming request: GET /api/v1/clinic/doctors?specialty=&country&city&consultFee&rating&search=MH%20Ferdous","service":"default-service-name","timestamp":"2026-01-10 09:20:29"}
{"level":"info","message":"Incoming request: GET /api/v1/clinic/doctors?specialty=&country&city&consultFee&rating=5","service":"default-service-name","timestamp":"2026-01-10 09:20:41"}
{"level":"info","message":"Incoming request: GET /api/v1/clinic/doctors?specialty=&country&city&consultFee","service":"default-service-name","timestamp":"2026-01-10 09:20:51"}
{"level":"info","message":"Incoming request: GET /api/v1/clinic/doctors?specialty=&country&city&consultFee=555","service":"default-service-name","timestamp":"2026-01-10 09:21:08"}
{"level":"info","message":"Incoming request: GET /api/v1/clinic/doctors?specialty=&country&city","service":"default-service-name","timestamp":"2026-01-10 09:21:17"}
{"level":"info","message":"Incoming request: GET /api/v1/clinic/doctors?specialty=&country=Bangladesh","service":"default-service-name","timestamp":"2026-01-10 09:21:33"}
{"level":"info","message":"Incoming request: GET /api/v1/clinic/doctors?specialty=trtrtr","service":"default-service-name","timestamp":"2026-01-10 09:23:02"}
{"level":"info","message":"Incoming request: GET /api/v1/clinic/doctors?specialty=trtrtr","service":"default-service-name","timestamp":"2026-01-10 09:23:10"}
{"level":"info","message":"Incoming request: GET /api/v1/clinic/doctors?specialty=trtrtr","service":"default-service-name","timestamp":"2026-01-10 09:23:24"}
{"level":"info","message":"Incoming request: GET /api/v1/clinic/doctors?specialty=trtrtr","service":"default-service-name","timestamp":"2026-01-10 09:23:38"}
{"level":"info","message":"Incoming request: GET /api/v1/clinic/doctors?specialty=trtrtr","service":"default-service-name","timestamp":"2026-01-10 09:26:24"}
{"level":"info","message":"Incoming request: GET /api/v1/clinic/doctors","service":"default-service-name","timestamp":"2026-01-10 09:38:55"}
{"level":"info","message":"Incoming request: GET /api/v1/clinic/doctors?specialty=ENT","service":"default-service-name","timestamp":"2026-01-10 09:39:12"}
{"level":"info","message":"Incoming request: GET /api/v1/clinic/doctors?specialty=ENT","service":"default-service-name","timestamp":"2026-01-10 09:40:23"}
{"level":"info","message":"Incoming request: GET /api/v1/clinic/doctors?page=1&limit=1","service":"default-service-name","timestamp":"2026-01-10 09:40:37"}
{"level":"info","message":"Incoming request: GET /api/v1/clinic/doctors?country=Bangladesh","service":"default-service-name","timestamp":"2026-01-10 09:40:49"}
{"level":"info","message":"Incoming request: GET /api/v1/clinic/doctors?city=Dhaka","service":"default-service-name","timestamp":"2026-01-10 09:41:01"}
{"level":"info","message":"Incoming request: GET /api/v1/clinic/doctors?city=Dhaka&consultFee=900","service":"default-service-name","timestamp":"2026-01-10 09:47:19"}
{"level":"info","message":"Incoming request: GET /api/v1/clinic/doctors?city=Dhaka&consultFee=900","service":"default-service-name","timestamp":"2026-01-10 09:48:57"}
{"level":"info","message":"Incoming request: GET /api/v1/clinic/doctors","service":"default-service-name","timestamp":"2026-01-10 10:12:10"}
{"level":"info","message":"Incoming request: GET /api/v1/clinic/doctor-appointments/cmk0s9aqg0007tcvwtfublcey","service":"default-service-name","timestamp":"2026-01-10 10:15:20"}
{"level":"info","message":"Incoming request: GET /api/v1/clinic/doctor-appointments/cmk0s9aqg0007tcvwtfublcey","service":"default-service-name","timestamp":"2026-01-10 10:15:29"}
{"level":"info","message":"Incoming request: GET /api/v1/clinic/doctor-appointments/cmk0s9aqg0007tcvwtfublcey?page=1&limit=1","service":"default-service-name","timestamp":"2026-01-10 10:16:14"}
{"level":"info","message":"Incoming request: GET /api/v1/clinic/doctor-appointments/cmk0s9aqg0007tcvwtfublcey?specialty=ENT&country=Bangladesh","service":"default-service-name","timestamp":"2026-01-10 10:16:27"}
{"level":"info","message":"Incoming request: GET /api/v1/clinic/doctor-appointments/cmk0s9aqg0007tcvwtfublcey","service":"default-service-name","timestamp":"2026-01-10 10:20:54"}
{"level":"info","message":"Incoming request: GET /api/v1/clinic/doctor-appointments/cmk0s9aqg0007tcvwtfublcey","service":"default-service-name","timestamp":"2026-01-10 10:28:54"}
{"level":"info","message":"Incoming request: GET /api/v1/clinic/doctor-appointments/cmk0s9aqg0007tcvwtfublcey","service":"default-service-name","timestamp":"2026-01-10 10:29:07"}
{"level":"info","message":"Incoming request: GET /api/v1/clinic/doctor-appointments/cmk0rzw080005tcvwvoimvujc","service":"default-service-name","timestamp":"2026-01-10 10:29:46"}
{"level":"info","message":"Incoming request: GET /api/v1/clinic/doctor-appointments/cmk0s9aqg0007tcvwtfublcey","service":"default-service-name","timestamp":"2026-01-10 10:38:51"}
{"level":"info","message":"Incoming request: GET /api/v1/clinic/doctor-appointments/cmk0s9aqg0007tcvwtfublcey","service":"default-service-name","timestamp":"2026-01-10 10:39:56"}
{"level":"info","message":"Incoming request: GET /api/v1/clinic/doctor-appointments/cmk0s9aqg0007tcvwtfublcey","service":"default-service-name","timestamp":"2026-01-10 10:41:14"}
{"level":"info","message":"Incoming request: GET /api/v1/clinic/doctor-appointments/cmk0s9aqg0007tcvwtfublcey","service":"default-service-name","timestamp":"2026-01-10 10:42:01"}
{"level":"info","message":"Incoming request: GET /api/v1/clinic/doctor-appointments/cmk0s9aqg0007tcvwtfublcey","service":"default-service-name","timestamp":"2026-01-10 10:42:16"}
{"level":"info","message":"Incoming request: GET /api/v1/clinic/doctor-appointments/cmk0s9aqg0007tcvwtfublcey","service":"default-service-name","timestamp":"2026-01-10 10:42:59"}
{"level":"info","message":"Incoming request: GET /api/v1/clinic/doctor-appointments/cmk0s9aqg0007tcvwtfublcey","service":"default-service-name","timestamp":"2026-01-10 10:43:29"}
{"level":"info","message":"Incoming request: GET /api/v1/clinic/doctor-appointments/cmk0s9aqg0007tcvwtfublcey","service":"default-service-name","timestamp":"2026-01-10 10:44:02"}
{"level":"info","message":"Incoming request: GET /api/v1/clinic/doctor-appointments/cmk0s9aqg0007tcvwtfublcey","service":"default-service-name","timestamp":"2026-01-10 10:44:29"}
{"level":"info","message":"Incoming request: GET /api/v1/clinic/doctor-appointments/cmk0s9aqg0007tcvwtfublcey","service":"default-service-name","timestamp":"2026-01-10 10:44:37"}
{"level":"info","message":"Incoming request: GET /api/v1/clinic/doctors","service":"default-service-name","timestamp":"2026-01-10 10:45:24"}
{"level":"info","message":"Incoming request: GET /api/v1/clinic/doctor-appointments/cmk0s9aqg0007tcvwtfublcey","service":"default-service-name","timestamp":"2026-01-10 10:46:11"}
{"level":"info","message":"Incoming request: GET /api/v1/clinic/doctor-appointments/cmk0s9aqg0007tcvwtfublcey","service":"default-service-name","timestamp":"2026-01-10 10:47:12"}
{"level":"info","message":"Incoming request: GET /api/v1/clinic/doctor-appointments/cmk0s9aqg0007tcvwtfublcey","service":"default-service-name","timestamp":"2026-01-10 10:48:33"}
{"level":"info","message":"Incoming request: GET /api/v1/clinic/doctor-appointments/cmk0s9aqg0007tcvwtfublcey","service":"default-service-name","timestamp":"2026-01-10 10:54:36"}
{"level":"info","message":"Incoming request: GET /api/v1/clinic/doctor-appointments/cmk0s9aqg0007tcvwtfublcey","service":"default-service-name","timestamp":"2026-01-10 10:58:38"}
{"level":"info","message":"Incoming request: GET /api/v1/referral/my-referrals","service":"default-service-name","timestamp":"2026-01-10 11:07:49"}
{"level":"info","message":"Incoming request: GET /api/v1/clinic/","service":"default-service-name","timestamp":"2026-01-10 11:16:31"}
{"level":"info","message":"Incoming request: GET /api/v1/clinic/?page=1&limit=1","service":"default-service-name","timestamp":"2026-01-10 11:16:47"}
{"level":"info","message":"Incoming request: GET /api/v1/clinic/","service":"default-service-name","timestamp":"2026-01-10 11:16:53"}
{"level":"info","message":"Incoming request: GET /api/v1/doctor/appointments?page=1&limit=2","service":"default-service-name","timestamp":"2026-01-10 11:23:40"}
{"level":"info","message":"Incoming request: GET /api/v1/doctor/appointments?page=1&limit=2&status=CONFIRMED","service":"default-service-name","timestamp":"2026-01-10 11:23:57"}
{"level":"info","message":"Incoming request: GET /api/v1/doctor/appointments","service":"default-service-name","timestamp":"2026-01-10 11:24:25"}
{"level":"info","message":"Incoming request: GET /api/v1/doctor/appointments?status=CONFIRMED","service":"default-service-name","timestamp":"2026-01-10 11:24:31"}
{"level":"info","message":"Incoming request: GET /api/v1/doctor/appointments","service":"default-service-name","timestamp":"2026-01-10 11:24:44"}
{"level":"info","message":"Incoming request: GET /api/v1/doctor/appointments","service":"default-service-name","timestamp":"2026-01-10 11:25:04"}
{"level":"info","message":"Incoming request: GET /api/v1/doctor/appointments?status=INPROGRESS","service":"default-service-name","timestamp":"2026-01-10 11:25:11"}
{"level":"info","message":"Incoming request: GET /api/v1/doctor/profile","service":"default-service-name","timestamp":"2026-01-10 12:09:17"}
{"level":"info","message":"Incoming request: GET /api/v1/doctor/profile","service":"default-service-name","timestamp":"2026-01-10 12:16:50"}
{"level":"info","message":"Incoming request: GET /api/v1/doctor/appointments","service":"default-service-name","timestamp":"2026-01-10 12:19:56"}
{"level":"info","message":"Incoming request: GET /api/v1/doctor/appointments","service":"default-service-name","timestamp":"2026-01-10 12:22:02"}
{"level":"info","message":"Incoming request: POST /api/v1/rating","service":"default-service-name","timestamp":"2026-01-10 12:24:15"}
{"level":"info","message":"Incoming request: GET /api/v1/doctor/profile","service":"default-service-name","timestamp":"2026-01-10 12:26:51"}
{"level":"info","message":"Incoming request: GET /api/v1/doctor/profile","service":"default-service-name","timestamp":"2026-01-10 12:31:50"}
{"level":"info","message":"Incoming request: GET /api/v1/doctor/profile","service":"default-service-name","timestamp":"2026-01-10 12:32:24"}
{"level":"info","message":"Incoming request: GET /api/v1/doctor/profile","service":"default-service-name","timestamp":"2026-01-10 12:39:29"}
{"level":"info","message":"Incoming request: GET /api/v1/doctor/profile","service":"default-service-name","timestamp":"2026-01-10 12:41:27"}
{"level":"info","message":"Incoming request: GET /api/v1/doctor/profile","service":"default-service-name","timestamp":"2026-01-10 12:41:56"}
{"level":"info","message":"Incoming request: POST /api/v1/rating","service":"default-service-name","timestamp":"2026-01-10 12:45:37"}
{"level":"info","message":"Incoming request: POST /api/v1/rating","service":"default-service-name","timestamp":"2026-01-10 12:46:22"}
{"level":"info","message":"Incoming request: GET /api/v1/doctor/appointments","service":"default-service-name","timestamp":"2026-01-10 12:46:56"}
{"level":"info","message":"Incoming request: GET /api/v1/doctor/insurance","service":"default-service-name","timestamp":"2026-01-10 14:24:56"}
{"level":"info","message":"Incoming request: POST /api/v1/doctor/insurance","service":"default-service-name","timestamp":"2026-01-10 14:26:18"}
{"level":"info","message":"Incoming request: POST /api/v1/doctor/insurance","service":"default-service-name","timestamp":"2026-01-10 14:26:34"}
{"level":"info","message":"Incoming request: POST /api/v1/doctor/insurance","service":"default-service-name","timestamp":"2026-01-10 14:27:26"}
{"level":"info","message":"Incoming request: GET /api/v1/doctor/insurance","service":"default-service-name","timestamp":"2026-01-10 14:27:51"}
{"level":"info","message":"Incoming request: PATCH /api/v1/doctor/insurance/cmk81l82g0003tceoqzrxp2rk","service":"default-service-name","timestamp":"2026-01-10 14:28:24"}
{"level":"info","message":"Incoming request: GET /api/v1/doctor/insurance","service":"default-service-name","timestamp":"2026-01-10 14:28:32"}
{"level":"info","message":"Incoming request: PATCH /api/v1/doctor/insurance/cmk81kgei0001tceo5jbutebz","service":"default-service-name","timestamp":"2026-01-10 14:28:42"}
{"level":"info","message":"Incoming request: PATCH /api/v1/doctor/insurance/cmk81kgei0001tceo5jbutebz","service":"default-service-name","timestamp":"2026-01-10 14:29:46"}
{"level":"info","message":"Incoming request: GET /api/v1/doctor/insurance","service":"default-service-name","timestamp":"2026-01-10 14:29:54"}
{"level":"info","message":"Incoming request: DELETE /api/v1/doctor/insurance/cmk81kgei0001tceo5jbutebz","service":"default-service-name","timestamp":"2026-01-10 14:30:29"}
{"level":"info","message":"Incoming request: DELETE /api/v1/doctor/insurance/cmk81kgei0001tceo5jbutebz","service":"default-service-name","timestamp":"2026-01-10 14:30:40"}
{"level":"info","message":"Incoming request: GET /api/v1/doctor/insurance","service":"default-service-name","timestamp":"2026-01-10 14:30:48"}
{"level":"info","message":"Incoming request: DELETE /api/v1/doctor/insurance/cmk81l82g0003tceoqzrxp2rk","service":"default-service-name","timestamp":"2026-01-10 14:31:00"}
{"level":"info","message":"Incoming request: POST /api/v1/patient/appointment-booking","service":"default-service-name","timestamp":"2026-01-10 15:15:24"}
{"level":"info","message":"Incoming request: GET /api/v1/patient/get-clinic-doctors/cmk0oplhm0000tckcpvcrwrd8","service":"default-service-name","timestamp":"2026-01-10 15:15:35"}
{"level":"info","message":"Incoming request: POST /api/v1/patient/appointment-booking","service":"default-service-name","timestamp":"2026-01-10 15:15:57"}
{"level":"info","message":"Incoming request: GET /api/v1/patient/get-clinic-doctors/cmk0oplhm0000tckcpvcrwrd8","service":"default-service-name","timestamp":"2026-01-10 15:17:10"}
{"level":"info","message":"Incoming request: POST /api/v1/patient/appointment-booking","service":"default-service-name","timestamp":"2026-01-10 15:17:27"}
{"level":"info","message":"Incoming request: GET /api/v1/patient/get-clinic-doctors/cmk0oplhm0000tckcpvcrwrd8","service":"default-service-name","timestamp":"2026-01-10 15:18:59"}
{"level":"info","message":"Incoming request: POST /api/v1/patient/appointment-booking","service":"default-service-name","timestamp":"2026-01-10 15:19:13"}
{"level":"info","message":"Incoming request: GET /api/v1/doctor/profile","service":"default-service-name","timestamp":"2026-01-10 15:19:37"}
{"level":"info","message":"Incoming request: GET /api/v1/patient/get-clinic-doctors/cmk0oplhm0000tckcpvcrwrd8","service":"default-service-name","timestamp":"2026-01-10 15:19:57"}
{"level":"info","message":"Incoming request: POST /api/v1/patient/appointment-booking","service":"default-service-name","timestamp":"2026-01-10 15:20:13"}
{"level":"info","message":"Incoming request: POST /api/v1/patient/appointment-booking","service":"default-service-name","timestamp":"2026-01-10 15:21:24"}
{"level":"info","message":"Incoming request: POST /api/v1/patient/appointment-booking","service":"default-service-name","timestamp":"2026-01-10 15:38:11"}
{"level":"info","message":"Incoming request: GET /api/v1/patient/clinics/cmk0oplhm0000tckcpvcrwrd8","service":"default-service-name","timestamp":"2026-01-10 15:39:05"}
{"level":"info","message":"Incoming request: POST /api/v1/patient/appointment-booking","service":"default-service-name","timestamp":"2026-01-10 15:39:19"}
{"level":"info","message":"Incoming request: GET /api/v1/patient/get-clinic-doctors/cmk0oplhm0000tckcpvcrwrd8","service":"default-service-name","timestamp":"2026-01-10 15:41:40"}
{"level":"info","message":"Incoming request: GET /api/v1/patient/clinics/cmk3gfvqc00025w2esra7tex2","service":"default-service-name","timestamp":"2026-01-10 15:41:57"}
{"level":"info","message":"Incoming request: GET /api/v1/patient/get-clinic-doctors/cmk0oyli90004tckctwtrmqr0","service":"default-service-name","timestamp":"2026-01-10 15:42:19"}
{"level":"info","message":"Incoming request: GET /api/v1/patient/clinics/cmk3gfvqc00025w2esra7tex2","service":"default-service-name","timestamp":"2026-01-10 15:42:25"}
{"level":"info","message":"Incoming request: GET /api/v1/patient/clinics/nearest","service":"default-service-name","timestamp":"2026-01-10 15:42:34"}
{"level":"info","message":"Incoming request: GET /api/v1/patient/get-clinic-doctors/cmk0oyli90004tckctwtrmqr0","service":"default-service-name","timestamp":"2026-01-10 15:42:49"}
{"level":"info","message":"Incoming request: GET /api/v1/patient/get-clinic-doctors/cmk0oplhm0000tckcpvcrwrd8","service":"default-service-name","timestamp":"2026-01-10 15:43:04"}
{"level":"info","message":"Incoming request: GET /api/v1/patient/get-clinic-doctors/cmk0oplhm0000tckcpvcrwrd8","service":"default-service-name","timestamp":"2026-01-10 15:43:23"}
{"level":"info","message":"Incoming request: GET /api/v1/patient/clinics/cmk0s9aqg0007tcvwtfublcey","service":"default-service-name","timestamp":"2026-01-10 15:43:46"}
{"level":"info","message":"Incoming request: GET /api/v1/patient/clinics/cmk0oyli90004tckctwtrmqr0","service":"default-service-name","timestamp":"2026-01-10 15:44:18"}
{"level":"info","message":"Incoming request: GET /api/v1/patient/clinics/cmk0oyli90004tckctwtrmqr0","service":"default-service-name","timestamp":"2026-01-10 15:44:40"}
{"level":"info","message":"Incoming request: GET /api/v1/patient/clinics/cmk0oplhm0000tckcpvcrwrd8","service":"default-service-name","timestamp":"2026-01-10 15:44:53"}
{"level":"info","message":"Incoming request: GET /api/v1/patient/doctors/popular","service":"default-service-name","timestamp":"2026-01-10 15:45:18"}
{"level":"info","message":"Incoming request: GET /api/v1/patient/get-clinic-doctors/cmk0rzw080005tcvwvoimvujc","service":"default-service-name","timestamp":"2026-01-10 15:46:26"}
{"level":"info","message":"Incoming request: GET /api/v1/patient/clinics/nearest","service":"default-service-name","timestamp":"2026-01-10 15:46:57"}
{"level":"info","message":"Incoming request: GET /api/v1/patient/clinics/cmk0oplhm0000tckcpvcrwrd8","service":"default-service-name","timestamp":"2026-01-10 15:47:08"}
{"level":"info","message":"Incoming request: GET /api/v1/patient/get-clinic-doctors/cmk0oplhm0000tckcpvcrwrd8","service":"default-service-name","timestamp":"2026-01-10 15:47:32"}
{"level":"info","message":"Incoming request: GET /api/v1/patient/clinics/cmk0s9aqg0007tcvwtfublcey","service":"default-service-name","timestamp":"2026-01-10 15:47:46"}
{"level":"info","message":"Incoming request: GET /api/v1/patient/get-doctor/cmk0s9aqg0007tcvwtfublcey","service":"default-service-name","timestamp":"2026-01-10 15:48:55"}
{"level":"info","message":"Incoming request: POST /api/v1/patient/appointment-booking","service":"default-service-name","timestamp":"2026-01-10 15:49:21"}
{"level":"info","message":"Incoming request: POST /api/v1/patient/appointment-booking","service":"default-service-name","timestamp":"2026-01-10 16:08:56"}
{"level":"info","message":"Incoming request: POST /api/v1/patient/appointment-booking","service":"default-service-name","timestamp":"2026-01-10 16:09:16"}
{"level":"info","message":"Incoming request: GET /api/v1/patient/insurance","service":"default-service-name","timestamp":"2026-01-10 16:15:02"}
{"level":"info","message":"Incoming request: POST /api/v1/patient/appointment-booking","service":"default-service-name","timestamp":"2026-01-10 16:25:03"}
{"level":"info","message":"Incoming request: POST /api/v1/patient/appointment-booking","service":"default-service-name","timestamp":"2026-01-10 16:26:34"}
{"level":"info","message":"Incoming request: POST /api/v1/patient/appointment-booking","service":"default-service-name","timestamp":"2026-01-10 16:27:45"}
{"level":"info","message":"Incoming request: POST /api/v1/patient/appointment-booking","service":"default-service-name","timestamp":"2026-01-10 16:32:13"}
{"level":"info","message":"Incoming request: POST /api/v1/patient/appointment-booking","service":"default-service-name","timestamp":"2026-01-10 16:35:51"}
{"level":"info","message":"Incoming request: POST /api/v1/patient/appointment-booking","service":"default-service-name","timestamp":"2026-01-10 16:36:07"}
{"level":"info","message":"Incoming request: POST /api/v1/patient/appointment-booking","service":"default-service-name","timestamp":"2026-01-10 16:37:04"}
{"level":"info","message":"Incoming request: GET /api/v1/notification/dctor","service":"default-service-name","timestamp":"2026-01-10 16:44:03"}
{"level":"info","message":"Incoming request: GET /api/v1/notification/doctor","service":"default-service-name","timestamp":"2026-01-10 16:44:09"}
{"level":"info","message":"Incoming request: GET /api/v1/notification/doctor","service":"default-service-name","timestamp":"2026-01-10 16:44:21"}
{"level":"info","message":"Incoming request: GET /api/v1/notification/doctor","service":"default-service-name","timestamp":"2026-01-10 16:44:36"}
{"level":"info","message":"Incoming request: GET /api/v1/notification/doctor","service":"default-service-name","timestamp":"2026-01-10 16:45:24"}
{"level":"info","message":"Incoming request: PATCH /api/v1/clinic/update-info","service":"default-service-name","timestamp":"2026-01-10 16:58:40"}
{"level":"info","message":"Incoming request: PATCH /api/v1/clinic/update-info","service":"default-service-name","timestamp":"2026-01-10 16:58:51"}
{"level":"info","message":"Incoming request: POST /api/v1/auth/send-otp","service":"default-service-name","timestamp":"2026-01-10 17:01:14"}
{"level":"info","message":"Incoming request: POST /api/v1/auth/verify-otp","service":"default-service-name","timestamp":"2026-01-10 17:01:27"}
{"level":"info","message":"Incoming request: GET /api/v1/clinic/booking-history","service":"default-service-name","timestamp":"2026-01-10 17:01:57"}
{"level":"info","message":"Incoming request: GET /api/v1/clinic/booking-history","service":"default-service-name","timestamp":"2026-01-10 17:03:21"}
{"level":"info","message":"Incoming request: GET /api/v1/clinic/manager-stats","service":"default-service-name","timestamp":"2026-01-10 17:05:26"}
{"level":"info","message":"Incoming request: GET /api/v1/clinic/manager/booking-history","service":"default-service-name","timestamp":"2026-01-10 17:10:05"}
{"level":"info","message":"Incoming request: GET /api/v1/clinic/manager/booking-history","service":"default-service-name","timestamp":"2026-01-10 17:10:21"}
{"level":"info","message":"Incoming request: PATCH /api/v1/doctor/profile-update","service":"default-service-name","timestamp":"2026-01-12 08:23:24"}
{"level":"info","message":"Incoming request: PATCH /api/v1/doctor/profile-update","service":"default-service-name","timestamp":"2026-01-12 08:24:16"}
{"level":"info","message":"Incoming request: PATCH /api/v1/doctor/profile-update","service":"default-service-name","timestamp":"2026-01-12 08:28:13"}
{"level":"info","message":"Incoming request: PATCH /api/v1/doctor/profile-update","service":"default-service-name","timestamp":"2026-01-12 08:29:32"}
{"level":"info","message":"Incoming request: PATCH /api/v1/clinic/update-info","service":"default-service-name","timestamp":"2026-01-12 08:56:37"}
{"level":"info","message":"Incoming request: PATCH /api/v1/clinic/update-info","service":"default-service-name","timestamp":"2026-01-12 08:56:56"}
{"level":"info","message":"Incoming request: GET /api/v1/clinic/","service":"default-service-name","timestamp":"2026-01-12 08:57:55"}
{"level":"info","message":"Incoming request: GET /api/v1/clinic/info","service":"default-service-name","timestamp":"2026-01-12 08:58:05"}
{"level":"info","message":"Incoming request: POST /api/v1/clinic/specialists","service":"default-service-name","timestamp":"2026-01-12 08:58:12"}
{"level":"info","message":"Incoming request: GET /api/v1/clinic/specialists","service":"default-service-name","timestamp":"2026-01-12 08:58:26"}
{"level":"info","message":"Incoming request: GET /api/v1/clinic/insurances","service":"default-service-name","timestamp":"2026-01-12 08:58:35"}
{"level":"info","message":"Incoming request: GET /api/v1/clinic/galleries","service":"default-service-name","timestamp":"2026-01-12 08:58:45"}
{"level":"info","message":"Incoming request: GET /api/v1/clinic/doctors","service":"default-service-name","timestamp":"2026-01-12 08:58:54"}
{"level":"info","message":"Incoming request: GET /api/v1/clinic/doctor-appointments/cmk0s9aqg0007tcvwtfublcey","service":"default-service-name","timestamp":"2026-01-12 08:59:07"}
{"level":"info","message":"Incoming request: POST /api/v1/clinic/insurances","service":"default-service-name","timestamp":"2026-01-12 08:59:35"}
{"level":"info","message":"Incoming request: POST /api/v1/auth/send-otp","service":"default-service-name","timestamp":"2026-01-12 09:36:04"}
{"level":"info","message":"Incoming request: POST /api/v1/auth/send-otp","service":"default-service-name","timestamp":"2026-01-12 09:36:18"}
{"level":"info","message":"Incoming request: POST /","service":"default-service-name","timestamp":"2026-01-12 09:40:15"}
{"level":"info","message":"Incoming request: POST /","service":"default-service-name","timestamp":"2026-01-12 09:40:43"}
{"level":"info","message":"Incoming request: GET /api/v1/patient/doctors/popular","service":"default-service-name","timestamp":"2026-01-12 14:25:38"}
{"level":"info","message":"Incoming request: POST /api/v1/payment/patient-top-up","service":"default-service-name","timestamp":"2026-01-12 16:09:58"}
{"level":"info","message":"Incoming request: GET /api/v1/patient/profile","service":"default-service-name","timestamp":"2026-01-12 16:10:17"}
{"level":"info","message":"Incoming request: POST /api/v1/payment/patient-top-up","service":"default-service-name","timestamp":"2026-01-12 16:10:28"}
{"level":"info","message":"Incoming request: GET /api/v1/patient/profile","service":"default-service-name","timestamp":"2026-01-12 16:10:35"}
{"level":"info","message":"Incoming request: GET /api/v1/patient/profile","service":"default-service-name","timestamp":"2026-01-12 16:10:59"}
{"level":"info","message":"Incoming request: POST /api/v1/payment/patient-top-up","service":"default-service-name","timestamp":"2026-01-12 16:11:08"}
{"level":"info","message":"Incoming request: GET /api/v1/patient/profile","service":"default-service-name","timestamp":"2026-01-12 16:11:17"}
{"level":"info","message":"Incoming request: POST /api/v1/payment/patient-top-up","service":"default-service-name","timestamp":"2026-01-12 16:11:20"}
{"level":"info","message":"Incoming request: POST /api/v1/payment/patient-top-up","service":"default-service-name","timestamp":"2026-01-12 16:11:25"}
{"level":"info","message":"Incoming request: POST /api/v1/payment/patient-top-up","service":"default-service-name","timestamp":"2026-01-12 16:21:45"}
{"level":"info","message":"Incoming request: POST /api/v1/payment/patient-top-up","service":"default-service-name","timestamp":"2026-01-12 16:22:00"}
{"level":"info","message":"Incoming request: GET /api/v1/payment/stripe-generate-onboarding-link","service":"default-service-name","timestamp":"2026-01-12 16:52:03"}
{"level":"info","message":"Incoming request: PATCH /api/v1/doctor/profile-update","service":"default-service-name","timestamp":"2026-01-12 17:02:55"}
{"level":"info","message":"Incoming request: GET /api/v1/doctor/profile","service":"default-service-name","timestamp":"2026-01-12 17:03:36"}
{"level":"info","message":"Incoming request: PATCH /api/v1/doctor/profile-update","service":"default-service-name","timestamp":"2026-01-12 17:04:27"}
{"level":"info","message":"Incoming request: GET /api/v1/doctor/profile","service":"default-service-name","timestamp":"2026-01-12 17:04:57"}
{"level":"info","message":"Incoming request: GET /api/v1/doctor/profile","service":"default-service-name","timestamp":"2026-01-12 17:05:16"}
{"level":"info","message":"Incoming request: PATCH /api/v1/doctor/profile-update","service":"default-service-name","timestamp":"2026-01-12 17:05:26"}
{"level":"info","message":"Incoming request: GET /api/v1/doctor/profile","service":"default-service-name","timestamp":"2026-01-12 17:05:46"}
{"level":"info","message":"Incoming request: GET /api/v1/doctor/profile","service":"default-service-name","timestamp":"2026-01-12 17:07:29"}
{"level":"info","message":"Incoming request: GET /api/v1/doctor/profile","service":"default-service-name","timestamp":"2026-01-12 17:08:10"}
{"level":"info","message":"Incoming request: GET /api/v1/doctor/profile","service":"default-service-name","timestamp":"2026-01-12 17:08:13"}
{"level":"info","message":"Incoming request: GET /api/v1/doctor/profile","service":"default-service-name","timestamp":"2026-01-12 17:08:15"}
{"level":"info","message":"Incoming request: GET /api/v1/doctor/profile","service":"default-service-name","timestamp":"2026-01-12 17:08:21"}
{"level":"info","message":"Incoming request: PATCH /api/v1/patient/profile-update","service":"default-service-name","timestamp":"2026-01-12 17:24:48"}
{"level":"info","message":"Incoming request: PATCH /api/v1/doctor/profile-update","service":"default-service-name","timestamp":"2026-01-12 17:24:57"}
{"level":"info","message":"Incoming request: GET /api/v1/doctor/profile","service":"default-service-name","timestamp":"2026-01-12 17:25:06"}
{"level":"info","message":"Incoming request: GET /api/v1/payment/stripe-generate-onboarding-link","service":"default-service-name","timestamp":"2026-01-12 17:27:20"}
{"level":"info","message":"Incoming request: GET /api/v1/payment/stripe-generate-onboarding-link","service":"default-service-name","timestamp":"2026-01-12 17:27:49"}
{"level":"info","message":"Incoming request: GET /api/v1/payment/stripe-generate-onboarding-link","service":"default-service-name","timestamp":"2026-01-12 17:27:56"}
{"level":"info","message":"Incoming request: GET /api/v1/payment/generate-onboarding-link","service":"default-service-name","timestamp":"2026-01-12 17:28:06"}
{"level":"info","message":"Incoming request: GET /api/v1/clinic/info","service":"default-service-name","timestamp":"2026-01-13 11:49:03"}
{"level":"info","message":"Incoming request: GET /api/v1/clinic/info","service":"default-service-name","timestamp":"2026-01-13 11:49:58"}
{"level":"info","message":"Incoming request: GET /api/v1/clinic/info","service":"default-service-name","timestamp":"2026-01-13 11:56:00"}
{"level":"info","message":"Incoming request: GET /api/v1/clinic/info","service":"default-service-name","timestamp":"2026-01-13 12:12:52"}
{"level":"info","message":"Incoming request: GET /api/v1/clinic/doctors","service":"default-service-name","timestamp":"2026-01-13 12:24:04"}
{"level":"info","message":"Incoming request: PATCH /api/v1/clinic/remove-clinic-doctor/cmk0s9aqg0007tcvwtfublcey","service":"default-service-name","timestamp":"2026-01-13 12:32:00"}
{"level":"info","message":"Incoming request: PATCH /api/v1/clinic/remove-clinic-doctor/cmk0s9aqg0007tcvwtfublcey","service":"default-service-name","timestamp":"2026-01-13 12:32:30"}
{"level":"info","message":"Incoming request: PATCH /api/v1/clinic/remove-clinic-doctor/cmk0s9aqg0007tcvwtfublcey","service":"default-service-name","timestamp":"2026-01-13 12:33:46"}
{"level":"info","message":"Incoming request: GET /api/v1/clinic/doctors","service":"default-service-name","timestamp":"2026-01-13 12:34:21"}
{"level":"info","message":"Incoming request: GET /api/v1/clinic/doctors","service":"default-service-name","timestamp":"2026-01-13 12:36:10"}
{"level":"info","message":"Incoming request: PATCH /api/v1/clinic/remove-clinic-doctor/cmk0s9aqg0007tcvwtfublcey","service":"default-service-name","timestamp":"2026-01-13 12:36:15"}
{"level":"info","message":"Incoming request: PATCH /api/v1/clinic/remove-clinic-doctor/cmk0s9aqg0007tcvwtfublcey","service":"default-service-name","timestamp":"2026-01-13 12:36:58"}
{"level":"info","message":"Incoming request: PATCH /api/v1/clinic/remove-clinic-doctor/cmk0s9aqg0007tcvwtfublcey","service":"default-service-name","timestamp":"2026-01-13 12:37:38"}
{"level":"info","message":"Incoming request: PATCH /api/v1/clinic/remove-clinic-doctor/cmk0s9aqg0007tcvwtfublcey","service":"default-service-name","timestamp":"2026-01-13 12:38:02"}
{"level":"info","message":"Incoming request: GET /api/v1/doctor/profile","service":"default-service-name","timestamp":"2026-01-13 12:38:25"}
{"level":"info","message":"Incoming request: PATCH /api/v1/clinic/remove-clinic-doctor/cmk0s9aqg0007tcvwtfublcey","service":"default-service-name","timestamp":"2026-01-13 12:38:57"}
{"level":"info","message":"Incoming request: GET /api/v1/doctor/profile","service":"default-service-name","timestamp":"2026-01-13 12:39:09"}
{"level":"info","message":"Incoming request: PATCH /api/v1/doctor/profile-update","service":"default-service-name","timestamp":"2026-01-13 12:39:17"}
{"level":"info","message":"Incoming request: GET /api/v1/doctor/profile","service":"default-service-name","timestamp":"2026-01-13 12:39:26"}
{"level":"info","message":"Incoming request: PATCH /api/v1/clinic/update/appointment-status","service":"default-service-name","timestamp":"2026-01-13 12:41:40"}
{"level":"info","message":"Incoming request: GET /api/v1/clinic/manager-stats","service":"default-service-name","timestamp":"2026-01-13 12:41:48"}
{"level":"info","message":"Incoming request: GET /api/v1/clinic/manager/booking-history","service":"default-service-name","timestamp":"2026-01-13 12:45:00"}
{"level":"info","message":"Incoming request: GET /api/v1/clinic/manager/booking-history","service":"default-service-name","timestamp":"2026-01-13 12:45:49"}
{"level":"info","message":"Incoming request: PATCH /api/v1/clinic/update-info","service":"default-service-name","timestamp":"2026-01-13 12:47:24"}
{"level":"info","message":"Incoming request: POST /api/v1/auth/send-otp","service":"default-service-name","timestamp":"2026-01-13 12:50:45"}
{"level":"info","message":"Incoming request: POST /api/v1/auth/verify-otp","service":"default-service-name","timestamp":"2026-01-13 12:51:09"}
{"level":"info","message":"Incoming request: GET /api/v1/clinic/manager/booking-history","service":"default-service-name","timestamp":"2026-01-13 12:51:37"}
{"level":"info","message":"Incoming request: GET /api/v1/clinic/manager-stats","service":"default-service-name","timestamp":"2026-01-13 12:51:57"}
{"level":"info","message":"Incoming request: PATCH /api/v1/clinic/update/appointment-status","service":"default-service-name","timestamp":"2026-01-13 12:52:12"}
{"level":"info","message":"Incoming request: GET /api/v1/clinic/manager-stats","service":"default-service-name","timestamp":"2026-01-13 12:54:15"}
{"level":"info","message":"Incoming request: PATCH /api/v1/clinic/update/appointment-status","service":"default-service-name","timestamp":"2026-01-13 14:36:57"}
{"level":"info","message":"Incoming request: GET /api/v1/clinic/manager/booking-history","service":"default-service-name","timestamp":"2026-01-13 14:37:01"}
{"level":"info","message":"Incoming request: POST /api/v1/auth/send-otp","service":"default-service-name","timestamp":"2026-01-13 15:02:33"}
{"level":"info","message":"Incoming request: POST /api/v1/referral/apply","service":"default-service-name","timestamp":"2026-01-13 15:30:04"}
{"level":"info","message":"Incoming request: POST /api/v1/referral/apply","service":"default-service-name","timestamp":"2026-01-13 15:33:17"}
{"level":"info","message":"Incoming request: POST /api/v1/referral/apply","service":"default-service-name","timestamp":"2026-01-13 15:36:31"}
{"level":"info","message":"Incoming request: POST /api/v1/referral/apply","service":"default-service-name","timestamp":"2026-01-13 15:36:37"}
{"level":"info","message":"Incoming request: GET /api/v1/patient/profile","service":"default-service-name","timestamp":"2026-01-13 15:37:39"}
{"level":"info","message":"Incoming request: POST /api/v1/referral/claim-bunus","service":"default-service-name","timestamp":"2026-01-13 15:50:16"}
{"level":"info","message":"Incoming request: POST /api/v1/referral/claim-bunus","service":"default-service-name","timestamp":"2026-01-13 15:50:22"}
{"level":"info","message":"Incoming request: POST /api/v1/referral/claim-bonus","service":"default-service-name","timestamp":"2026-01-13 15:50:42"}
{"level":"info","message":"Incoming request: POST /api/v1/auth/login","service":"default-service-name","timestamp":"2026-01-13 16:53:43"}
{"level":"info","message":"Incoming request: POST /api/v1/auth/login","service":"default-service-name","timestamp":"2026-01-13 16:56:24"}
{"level":"info","message":"Incoming request: PATCH /api/v1/auth/verify-otp","service":"default-service-name","timestamp":"2026-01-13 16:56:34"}
{"level":"info","message":"Incoming request: POST /api/v1/upload-video/file","service":"default-service-name","timestamp":"2026-01-13 19:33:29"}
{"level":"info","message":"Incoming request: POST /api/v1/upload-video/file","service":"default-service-name","timestamp":"2026-01-13 19:34:02"}
{"level":"info","message":"Incoming request: POST /api/v1/upload-video/file","service":"default-service-name","timestamp":"2026-01-13 19:34:56"}
{"level":"info","message":"Incoming request: POST /api/v1/upload-video/file","service":"default-service-name","timestamp":"2026-01-13 19:35:01"}
{"level":"info","message":"Incoming request: POST /api/v1/upload-video/file","service":"default-service-name","timestamp":"2026-01-13 19:35:08"}
{"level":"info","message":"Incoming request: POST /api/v1/upload-video/file","service":"default-service-name","timestamp":"2026-01-13 19:35:47"}
{"level":"info","message":"Incoming request: POST /api/v1/upload-video/file","service":"default-service-name","timestamp":"2026-01-13 19:37:01"}
{"level":"info","message":"Incoming request: POST /api/v1/upload-video/file","service":"default-service-name","timestamp":"2026-01-13 19:44:08"}
{"level":"info","message":"Incoming request: POST /api/v1/upload-video/file","service":"default-service-name","timestamp":"2026-01-13 19:45:21"}
{"level":"info","message":"Incoming request: POST /api/v1/upload-video/file","service":"default-service-name","timestamp":"2026-01-13 19:45:23"}
{"level":"info","message":"Incoming request: POST /api/v1/upload-video/file","service":"default-service-name","timestamp":"2026-01-13 19:51:55"}
{"level":"info","message":"Incoming request: POST /api/v1/upload-video/file","service":"default-service-name","timestamp":"2026-01-13 19:54:18"}
{"level":"info","message":"Incoming request: POST /api/v1/upload-video/file","service":"default-service-name","timestamp":"2026-01-13 19:54:52"}
{"level":"info","message":"Incoming request: POST /api/v1/upload-video/file","service":"default-service-name","timestamp":"2026-01-13 19:56:50"}
{"level":"info","message":"Incoming request: POST /api/v1/upload-video/file","service":"default-service-name","timestamp":"2026-01-13 19:57:25"}
{"level":"info","message":"Incoming request: POST /api/v1/upload-video/file","service":"default-service-name","timestamp":"2026-01-13 20:00:23"}
{"level":"info","message":"Incoming request: POST /api/v1/upload-video/file","service":"default-service-name","timestamp":"2026-01-13 20:02:32"}
{"level":"info","message":"Incoming request: POST /api/v1/upload-video/file","service":"default-service-name","timestamp":"2026-01-13 20:04:28"}
{"level":"info","message":"Incoming request: POST /api/v1/upload-video/file","service":"default-service-name","timestamp":"2026-01-13 20:07:22"}
{"level":"info","message":"Incoming request: GET /api/v1/upload-video/private-file-url/profile/clinic/1765003233453_banner-426266ad-64f8-46f3-b6b7-32dda017d2fb.jpg","service":"default-service-name","timestamp":"2026-01-13 20:12:38"}
{"level":"info","message":"Incoming request: GET /api/v1/upload-video/private-file-url/profile/clinic/1765003233453_banner-426266ad-64f8-46f3-b6b7-32dda017d2fb.jpg","service":"default-service-name","timestamp":"2026-01-13 20:19:53"}
{"level":"info","message":"Incoming request: POST /api/v1/upload-video/file","service":"default-service-name","timestamp":"2026-01-13 20:21:49"}
{"level":"info","message":"Incoming request: GET /api/v1/upload-video/private-file-url/:1765003233453_banner-426266ad-64f8-46f3-b6b7-32dda017d2fb.jpg","service":"default-service-name","timestamp":"2026-01-13 20:22:43"}
{"level":"info","message":"Incoming request: GET /api/v1/upload-video/private-file-url/","service":"default-service-name","timestamp":"2026-01-13 20:24:06"}
{"level":"info","message":"Incoming request: GET /api/v1/upload-video/private-file-url/","service":"default-service-name","timestamp":"2026-01-13 20:24:13"}
{"level":"info","message":"Incoming request: POST /api/v1/upload-video/file","service":"default-service-name","timestamp":"2026-01-13 20:26:47"}
{"level":"info","message":"Incoming request: GET /api/v1/upload-video/private-file-url/","service":"default-service-name","timestamp":"2026-01-13 20:27:06"}
{"level":"info","message":"Incoming request: POST /api/v1/upload-video/private-file-url","service":"default-service-name","timestamp":"2026-01-13 20:27:14"}
{"level":"info","message":"Incoming request: POST /api/v1/upload-video/private-file-url","service":"default-service-name","timestamp":"2026-01-13 20:31:45"}
{"level":"info","message":"Incoming request: POST /api/v1/upload-video/private-file-url","service":"default-service-name","timestamp":"2026-01-13 20:31:46"}
{"level":"info","message":"Incoming request: POST /api/v1/upload-video/private-file-url","service":"default-service-name","timestamp":"2026-01-13 20:31:48"}
{"level":"info","message":"Incoming request: POST /api/v1/upload-video/private-file-url","service":"default-service-name","timestamp":"2026-01-13 20:31:50"}
{"level":"info","message":"Incoming request: POST /api/v1/upload-video/private-file-url","service":"default-service-name","timestamp":"2026-01-13 20:48:05"}
{"level":"info","message":"Incoming request: GET /api/v1/admin/get-clinic","service":"default-service-name","timestamp":"2026-01-17 20:57:54"}
{"level":"info","message":"Incoming request: GET /api/v1/admin/get-clinic","service":"default-service-name","timestamp":"2026-01-17 20:58:24"}
{"level":"info","message":"Incoming request: GET /api/v1/admin/get-clinic","service":"default-service-name","timestamp":"2026-01-17 20:59:58"}
{"level":"info","message":"Incoming request: GET /api/v1/admin/get-clinic?page=1&limit=2","service":"default-service-name","timestamp":"2026-01-17 21:00:20"}
{"level":"info","message":"Incoming request: GET /api/v1/admin/get-doctor?page=1&limit=2","service":"default-service-name","timestamp":"2026-01-17 21:00:44"}
{"level":"info","message":"Incoming request: GET /api/v1/admin/get-patient?page=1&limit=2","service":"default-service-name","timestamp":"2026-01-17 21:01:23"}
{"level":"info","message":"Incoming request: GET /api/v1/admin/get-clinic?page=1&limit=2","service":"default-service-name","timestamp":"2026-01-17 21:03:57"}
{"level":"info","message":"Incoming request: GET /api/v1/admin/get-doctor?page=1&limit=2","service":"default-service-name","timestamp":"2026-01-17 21:04:08"}
{"level":"info","message":"Incoming request: GET /api/v1/admin/get-patient?page=1&limit=2","service":"default-service-name","timestamp":"2026-01-17 21:04:18"}
{"level":"info","message":"Incoming request: GET /api/v1/admin/get-clinic?page=1&limit=2","service":"default-service-name","timestamp":"2026-01-17 21:04:54"}
{"level":"info","message":"Incoming request: GET /api/v1/admin/get-clinic?page=1&limit=2","service":"default-service-name","timestamp":"2026-01-17 21:17:26"}
{"level":"info","message":"Incoming request: GET /api/v1/admin/clinic-verified/cmkas09jj00035w50xa5o0a77","service":"default-service-name","timestamp":"2026-01-17 21:18:24"}
{"level":"info","message":"Incoming request: PATCH /api/v1/admin/clinic-verified/cmkas09jj00035w50xa5o0a77","service":"default-service-name","timestamp":"2026-01-17 21:18:27"}
{"level":"info","message":"Incoming request: GET /api/v1/admin/get-clinic?page=1&limit=2","service":"default-service-name","timestamp":"2026-01-17 21:18:33"}
{"level":"info","message":"Incoming request: GET /api/v1/admin/stats","service":"default-service-name","timestamp":"2026-01-17 21:39:52"}
{"level":"info","message":"Incoming request: PATCH /api/v1/admin/banned-user/cmkf9k7uz000mksnl11tg8u0r","service":"default-service-name","timestamp":"2026-01-17 21:59:23"}
{"level":"info","message":"Incoming request: POST /api/v1/auth/send-otp","service":"default-service-name","timestamp":"2026-01-17 22:00:08"}
{"level":"info","message":"Incoming request: POST /api/v1/auth/send-otp","service":"default-service-name","timestamp":"2026-01-17 22:03:44"}
{"level":"info","message":"Incoming request: PATCH /api/v1/admin/banned-user/cmkf9k7uz000mksnl11tg8u0r","service":"default-service-name","timestamp":"2026-01-17 22:03:55"}
{"level":"info","message":"Incoming request: POST /api/v1/auth/send-otp","service":"default-service-name","timestamp":"2026-01-17 22:03:58"}
{"level":"info","message":"Incoming request: GET /api/v1/clinic/doctors","service":"default-service-name","timestamp":"2026-01-18 11:32:23"}
{"level":"info","message":"Incoming request: GET /api/v1/clinic/doctor-appointments/cmk0s9aqg0007tcvwtfublcey","service":"default-service-name","timestamp":"2026-01-18 11:33:29"}
{"level":"info","message":"Incoming request: GET /api/v1/patient/get-doctor/cmk0s9aqg0007tcvwtfublcey","service":"default-service-name","timestamp":"2026-01-18 11:35:44"}
{"level":"info","message":"Incoming request: GET /api/v1/patient/get-clinic-doctors/cmk0oplhm0000tckcpvcrwrd8","service":"default-service-name","timestamp":"2026-01-18 11:36:20"}
{"level":"info","message":"Incoming request: GET /api/v1/patient/get-doctor/cmk0s9aqg0007tcvwtfublcey","service":"default-service-name","timestamp":"2026-01-18 11:36:28"}
{"level":"info","message":"Incoming request: GET /api/v1/patient/get-doctor/cmk0s9aqg0007tcvwtfublcey","service":"default-service-name","timestamp":"2026-01-18 11:38:13"}
{"level":"info","message":"Incoming request: GET /api/v1/patient/get-doctor/cmk0oyli90004tckctwtrmqr0","service":"default-service-name","timestamp":"2026-01-18 11:38:32"}
{"level":"info","message":"Incoming request: GET /api/v1/patient/get-doctor/cmk0oyli90004tckctwtrmqr0","service":"default-service-name","timestamp":"2026-01-18 11:39:10"}
{"level":"info","message":"Incoming request: GET /api/v1/patient/get-doctor/cmk0s9aqg0007tcvwtfublcey","service":"default-service-name","timestamp":"2026-01-18 11:39:14"}
{"level":"info","message":"Incoming request: GET /api/v1/patient/get-clinic-doctors/cmk0oplhm0000tckcpvcrwrd8","service":"default-service-name","timestamp":"2026-01-18 11:39:17"}
{"level":"info","message":"Incoming request: GET /api/v1/patient/get-doctor/cmk0oyli90004tckctwtrmqr0","service":"default-service-name","timestamp":"2026-01-18 11:39:34"}
{"level":"info","message":"Incoming request: GET /api/v1/patient/get-clinic-doctors/cmk0oplhm0000tckcpvcrwrd8","service":"default-service-name","timestamp":"2026-01-18 11:39:50"}
{"level":"info","message":"Incoming request: GET /api/v1/patient/get-doctor/cmk0s9aqg0007tcvwtfublcey","service":"default-service-name","timestamp":"2026-01-18 11:40:31"}
{"level":"info","message":"Incoming request: GET /api/v1/patient/get-doctor/cmk0oyli90004tckctwtrmqr0","service":"default-service-name","timestamp":"2026-01-18 11:41:35"}
{"level":"info","message":"Incoming request: GET /api/v1/patient/get-clinic-doctors/cmk0oyli90004tckctwtrmqr0","service":"default-service-name","timestamp":"2026-01-18 11:41:46"}
{"level":"info","message":"Incoming request: GET /api/v1/patient/get-doctor/cmk0s9aqg0007tcvwtfublcey","service":"default-service-name","timestamp":"2026-01-18 11:42:02"}
{"level":"info","message":"Incoming request: GET /api/v1/patient/get-clinic-doctors/cmk0oyli90004tckctwtrmqr0","service":"default-service-name","timestamp":"2026-01-18 11:42:09"}
{"level":"info","message":"Incoming request: GET /api/v1/patient/get-clinic-doctors/cmk0oplhm0000tckcpvcrwrd8","service":"default-service-name","timestamp":"2026-01-18 11:42:14"}
{"level":"info","message":"Incoming request: GET /api/v1/patient/get-doctor/cmk0s9aqg0007tcvwtfublcey","service":"default-service-name","timestamp":"2026-01-18 11:42:23"}
{"level":"info","message":"Incoming request: GET /api/v1/patient/get-doctor/cmk0oyli90004tckctwtrmqr0","service":"default-service-name","timestamp":"2026-01-18 11:42:35"}
{"level":"info","message":"Incoming request: GET /api/v1/patient/get-clinic-doctors/cmk0oplhm0000tckcpvcrwrd8","service":"default-service-name","timestamp":"2026-01-18 11:42:48"}
{"level":"info","message":"Incoming request: GET /api/v1/patient/clinics/nearest","service":"default-service-name","timestamp":"2026-01-18 11:43:10"}
{"level":"info","message":"Incoming request: GET /api/v1/patient/get-doctor/cmk0oplhm0000tckcpvcrwrd8","service":"default-service-name","timestamp":"2026-01-18 11:43:32"}
{"level":"info","message":"Incoming request: GET /api/v1/patient/get-doctor/cmk0s9aqg0007tcvwtfublcey","service":"default-service-name","timestamp":"2026-01-18 11:43:42"}
{"level":"info","message":"Incoming request: GET /api/v1/patient/get-clinic-doctors/cmk0oplhm0000tckcpvcrwrd8","service":"default-service-name","timestamp":"2026-01-18 11:43:53"}
{"level":"info","message":"Incoming request: GET /api/v1/patient/get-doctor/cmk0s9aqg0007tcvwtfublcey","service":"default-service-name","timestamp":"2026-01-18 11:44:09"}
{"level":"info","message":"Incoming request: GET /api/v1/patient/get-clinic-doctors/cmk0oplhm0000tckcpvcrwrd8","service":"default-service-name","timestamp":"2026-01-18 11:44:22"}
{"level":"info","message":"Incoming request: POST /api/v1/patient/appointment-booking","service":"default-service-name","timestamp":"2026-01-18 11:45:23"}
{"level":"info","message":"Incoming request: GET /api/v1/patient/get-clinic-doctors/cmk0oplhm0000tckcpvcrwrd8","service":"default-service-name","timestamp":"2026-01-18 11:46:13"}
{"level":"info","message":"Incoming request: GET /api/v1/patient/get-clinic-doctors/cmk0oplhm0000tckcpvcrwrd8","service":"default-service-name","timestamp":"2026-01-18 11:46:33"}
{"level":"info","message":"Incoming request: GET /api/v1/patient/get-doctor/cmk0s9aqg0007tcvwtfublcey","service":"default-service-name","timestamp":"2026-01-18 11:46:50"}
{"level":"info","message":"Incoming request: GET /api/v1/patient/clinics/nearest","service":"default-service-name","timestamp":"2026-01-18 11:47:28"}
{"level":"info","message":"Incoming request: GET /api/v1/patient/get-clinic-doctors/cmk0oplhm0000tckcpvcrwrd8","service":"default-service-name","timestamp":"2026-01-18 11:47:53"}
{"level":"info","message":"Incoming request: GET /api/v1/patient/get-clinic-doctors/cmk0oplhm0000tckcpvcrwrd8","service":"default-service-name","timestamp":"2026-01-18 11:48:34"}
{"level":"info","message":"Incoming request: GET /api/v1/patient/get-clinic-doctors/cmk0oplhm0000tckcpvcrwrd8","service":"default-service-name","timestamp":"2026-01-18 11:48:56"}
{"level":"info","message":"Incoming request: GET /api/v1/patient/appointment-history","service":"default-service-name","timestamp":"2026-01-18 11:49:34"}
{"level":"info","message":"Incoming request: GET /api/v1/patient/get-clinic-doctors/cmk0oplhm0000tckcpvcrwrd8?page=1&limit=10","service":"default-service-name","timestamp":"2026-01-18 11:52:01"}
{"level":"info","message":"Incoming request: GET /api/v1/patient/get-clinic-doctors/cmk0oplhm0000tckcpvcrwrd8?page=1&limit=0","service":"default-service-name","timestamp":"2026-01-18 11:52:06"}
{"level":"info","message":"Incoming request: GET /api/v1/patient/get-clinic-doctors/cmk0oplhm0000tckcpvcrwrd8","service":"default-service-name","timestamp":"2026-01-18 11:52:13"}
{"level":"info","message":"Incoming request: GET /api/v1/patient/get-clinic-doctors/cmk0oplhm0000tckcpvcrwrd8?speciality=Cardiology","service":"default-service-name","timestamp":"2026-01-18 11:53:26"}
{"level":"info","message":"Incoming request: GET /api/v1/patient/get-clinic-doctors/cmk0oplhm0000tckcpvcrwrd8?speciality=Cardiologys","service":"default-service-name","timestamp":"2026-01-18 11:53:31"}
{"level":"info","message":"Incoming request: GET /api/v1/patient/get-clinic-doctors/cmk0oplhm0000tckcpvcrwrd8","service":"default-service-name","timestamp":"2026-01-18 11:53:52"}
{"level":"info","message":"Incoming request: GET /api/v1/patient/get-clinic-doctors/cmk0oplhm0000tckcpvcrwrd8","service":"default-service-name","timestamp":"2026-01-18 11:54:00"}
{"level":"info","message":"Incoming request: GET /api/v1/patient/get-clinic-doctors/cmk0oplhm0000tckcpvcrwrd8?fullName=dfe%20","service":"default-service-name","timestamp":"2026-01-18 11:54:08"}
{"level":"info","message":"Incoming request: GET /api/v1/patient/get-clinic-doctors/cmk0oplhm0000tckcpvcrwrd8?fullName=John","service":"default-service-name","timestamp":"2026-01-18 11:55:20"}
{"level":"info","message":"Incoming request: GET /api/v1/patient/get-clinic-doctors/cmk0oplhm0000tckcpvcrwrd8?name=John","service":"default-service-name","timestamp":"2026-01-18 11:55:54"}
{"level":"info","message":"Incoming request: GET /api/v1/patient/get-clinic-doctors/cmk0oplhm0000tckcpvcrwrd8?search=John&consultFee","service":"default-service-name","timestamp":"2026-01-18 11:58:30"}
{"level":"info","message":"Incoming request: GET /api/v1/patient/get-clinic-doctors/cmk0oplhm0000tckcpvcrwrd8?consultFee=8000","service":"default-service-name","timestamp":"2026-01-18 11:59:09"}
{"level":"info","message":"Incoming request: GET /api/v1/patient/get-clinic-doctors/cmk0oplhm0000tckcpvcrwrd8?speciality=Cardiology&rating=4&city=Dhaka&country=Bangladesh","service":"default-service-name","timestamp":"2026-01-18 12:00:18"}
{"level":"info","message":"Incoming request: GET /api/v1/patient/get-clinic-doctors/cmk0oplhm0000tckcpvcrwrd8?speciality=Cardiology&city=Dhaka&country=Bangladesh","service":"default-service-name","timestamp":"2026-01-18 12:00:28"}
{"level":"info","message":"Incoming request: GET /api/v1/patient/get-clinic-doctors/cmk0oplhm0000tckcpvcrwrd8?speciality=Cardiology&country=Bangladesh","service":"default-service-name","timestamp":"2026-01-18 12:00:35"}
{"level":"info","message":"Incoming request: GET /api/v1/patient/get-clinic-doctors/cmk0oplhm0000tckcpvcrwrd8?country=Bangladeshtgt","service":"default-service-name","timestamp":"2026-01-18 12:00:43"}
{"level":"info","message":"Incoming request: GET /api/v1/patient/get-clinic-doctors/cmk0oplhm0000tckcpvcrwrd8?country=Bangladesh","service":"default-service-name","timestamp":"2026-01-18 12:00:57"}
{"level":"info","message":"Incoming request: GET /api/v1/patient/get-clinic-doctors/cmk0oplhm0000tckcpvcrwrd8?city=Dhaka","service":"default-service-name","timestamp":"2026-01-18 12:01:14"}
{"level":"info","message":"Incoming request: GET /api/v1/patient/get-clinic-doctors/cmk0oplhm0000tckcpvcrwrd8","service":"default-service-name","timestamp":"2026-01-18 12:01:24"}
{"level":"info","message":"Incoming request: GET /api/v1/patient/get-clinic-doctors/cmk0oplhm0000tckcpvcrwrd8?rating=4","service":"default-service-name","timestamp":"2026-01-18 12:01:35"}
{"level":"info","message":"Incoming request: GET /api/v1/patient/get-clinic-doctors/cmk0oplhm0000tckcpvcrwrd8?consultFee=200","service":"default-service-name","timestamp":"2026-01-18 12:01:46"}
{"level":"info","message":"Incoming request: GET /api/v1/patient/get-clinic-doctors/cmk0oplhm0000tckcpvcrwrd8","service":"default-service-name","timestamp":"2026-01-18 12:01:51"}
{"level":"info","message":"Incoming request: GET /api/v1/patient/get-clinic-doctors/cmk0oplhm0000tckcpvcrwrd8?consultFee=900","service":"default-service-name","timestamp":"2026-01-18 12:02:01"}
{"level":"info","message":"Incoming request: GET /api/v1/patient/get-clinic-doctors/cmk0oplhm0000tckcpvcrwrd8?rating=4","service":"default-service-name","timestamp":"2026-01-18 12:02:12"}
{"level":"info","message":"Incoming request: GET /api/v1/patient/get-clinic-doctors/cmk0oplhm0000tckcpvcrwrd8?city=Dhaka4","service":"default-service-name","timestamp":"2026-01-18 12:02:19"}
{"level":"info","message":"Incoming request: GET /api/v1/patient/get-clinic-doctors/cmk0oplhm0000tckcpvcrwrd8?city=Dhaka4","service":"default-service-name","timestamp":"2026-01-18 12:03:28"}
{"level":"info","message":"Incoming request: GET /api/v1/patient/get-clinic-doctors/cmk0oplhm0000tckcpvcrwrd8?city=Dhaka4","service":"default-service-name","timestamp":"2026-01-18 12:04:48"}
{"level":"info","message":"Incoming request: GET /api/v1/patient/get-clinic-doctors/cmk0oplhm0000tckcpvcrwrd8?city=Dhaka4","service":"default-service-name","timestamp":"2026-01-18 12:05:50"}
{"level":"info","message":"Incoming request: GET /api/v1/patient/get-clinic-doctors/cmk0oplhm0000tckcpvcrwrd8?city=Dhaka4","service":"default-service-name","timestamp":"2026-01-18 12:06:41"}
{"level":"info","message":"Incoming request: GET /api/v1/patient/get-clinic-doctors/cmk0oplhm0000tckcpvcrwrd8?country=Bangladeshtytr","service":"default-service-name","timestamp":"2026-01-18 12:06:51"}
{"level":"info","message":"Incoming request: GET /api/v1/patient/get-clinic-doctors/cmk0oplhm0000tckcpvcrwrd8","service":"default-service-name","timestamp":"2026-01-18 12:07:09"}
{"level":"info","message":"Incoming request: GET /api/v1/patient/get-clinic-doctors/cmk0oplhm0000tckcpvcrwrd8?country=Bangladesh","service":"default-service-name","timestamp":"2026-01-18 12:07:20"}
{"level":"info","message":"Incoming request: POST /api/v1/auth/send-otp","service":"default-service-name","timestamp":"2026-01-18 12:30:36"}
{"level":"info","message":"Incoming request: POST /api/v1/auth/send-otp","service":"default-service-name","timestamp":"2026-01-18 12:31:05"}
{"level":"info","message":"Incoming request: GET /api/v1/patient/profile","service":"default-service-name","timestamp":"2026-01-18 12:55:11"}
{"level":"info","message":"Incoming request: PATCH /api/v1/patient/profile-update","service":"default-service-name","timestamp":"2026-01-18 12:55:28"}
{"level":"info","message":"Incoming request: PATCH /api/v1/doctor/profile-update","service":"default-service-name","timestamp":"2026-01-18 12:55:49"}
{"level":"info","message":"Incoming request: GET /api/v1/doctor/profile","service":"default-service-name","timestamp":"2026-01-18 12:55:57"}
{"level":"info","message":"Incoming request: PATCH /api/v1/clinic/update-info","service":"default-service-name","timestamp":"2026-01-18 12:56:22"}
{"level":"info","message":"Incoming request: GET /api/v1/clinic/","service":"default-service-name","timestamp":"2026-01-18 12:56:35"}
{"level":"info","message":"Incoming request: GET /api/v1/clinic/info","service":"default-service-name","timestamp":"2026-01-18 12:56:56"}
{"level":"info","message":"Incoming request: PATCH /api/v1/doctor/profile-update","service":"default-service-name","timestamp":"2026-01-18 13:00:29"}
{"level":"info","message":"Incoming request: PATCH /api/v1/patient/profile-update","service":"default-service-name","timestamp":"2026-01-18 13:01:43"}
{"level":"info","message":"Incoming request: POST /api/v1/auth/send-otp","service":"default-service-name","timestamp":"2026-01-18 14:12:27"}
{"level":"info","message":"Incoming request: POST /api/v1/auth/send-otp","service":"default-service-name","timestamp":"2026-01-18 14:14:43"}
{"level":"info","message":"Incoming request: POST /api/v1/auth/send-otp","service":"default-service-name","timestamp":"2026-01-18 14:14:59"}
{"level":"info","message":"Incoming request: POST /api/v1/auth/send-otp","service":"default-service-name","timestamp":"2026-01-18 14:15:43"}
{"level":"info","message":"Incoming request: POST /api/v1/auth/send-otp","service":"default-service-name","timestamp":"2026-01-18 14:16:44"}
{"level":"info","message":"Incoming request: POST /api/v1/auth/send-otp","service":"default-service-name","timestamp":"2026-01-18 14:19:22"}
{"level":"info","message":"Incoming request: POST /api/v1/auth/send-otp","service":"default-service-name","timestamp":"2026-01-18 14:21:45"}
{"level":"info","message":"Incoming request: POST /api/v1/auth/send-otp","service":"default-service-name","timestamp":"2026-01-18 14:22:24"}
{"level":"info","message":"Incoming request: GET /api/v1/clinic/manager/doctors","service":"default-service-name","timestamp":"2026-01-19 09:48:27"}
{"level":"info","message":"Incoming request: GET /api/v1/clinic/manager/doctors","service":"default-service-name","timestamp":"2026-01-19 09:56:05"}
{"level":"info","message":"Incoming request: POST /api/v1/auth/send-otp","service":"default-service-name","timestamp":"2026-01-19 10:15:02"}
{"level":"info","message":"Incoming request: POST /api/v1/auth/verify-otp","service":"default-service-name","timestamp":"2026-01-19 10:15:27"}
{"level":"info","message":"Incoming request: POST /api/v1/auth/verify-otp","service":"default-service-name","timestamp":"2026-01-19 10:17:08"}
{"level":"info","message":"Incoming request: GET /api/v1/clinic/booking-history","service":"default-service-name","timestamp":"2026-01-19 11:36:08"}
{"level":"info","message":"Incoming request: POST /api/v1/auth/send-otp","service":"default-service-name","timestamp":"2026-01-19 11:36:30"}
{"level":"info","message":"Incoming request: POST /api/v1/auth/send-otp","service":"default-service-name","timestamp":"2026-01-19 11:36:52"}
{"level":"info","message":"Incoming request: POST /api/v1/auth/send-otp","service":"default-service-name","timestamp":"2026-01-19 11:37:17"}
{"level":"info","message":"Incoming request: POST /api/v1/auth/send-otp","service":"default-service-name","timestamp":"2026-01-19 11:37:30"}
{"level":"info","message":"Incoming request: POST /api/v1/auth/verify-otp","service":"default-service-name","timestamp":"2026-01-19 11:38:07"}
{"level":"info","message":"Incoming request: POST /api/v1/auth/verify-otp","service":"default-service-name","timestamp":"2026-01-19 11:38:14"}
{"level":"info","message":"Incoming request: POST /api/v1/auth/verify-otp","service":"default-service-name","timestamp":"2026-01-19 11:38:21"}
{"level":"info","message":"Incoming request: POST /api/v1/auth/send-otp","service":"default-service-name","timestamp":"2026-01-19 11:38:31"}
{"level":"info","message":"Incoming request: POST /api/v1/auth/send-otp","service":"default-service-name","timestamp":"2026-01-19 11:38:47"}
{"level":"info","message":"Incoming request: POST /api/v1/auth/verify-otp","service":"default-service-name","timestamp":"2026-01-19 11:39:24"}
{"level":"info","message":"Incoming request: GET /api/v1/clinic/booking-history","service":"default-service-name","timestamp":"2026-01-19 11:40:04"}
{"level":"info","message":"Incoming request: GET /api/v1/clinic/booking-history?consultDate=2026-01-08","service":"default-service-name","timestamp":"2026-01-19 11:43:08"}
{"level":"info","message":"Incoming request: GET /api/v1/clinic/booking-history","service":"default-service-name","timestamp":"2026-01-19 11:43:18"}
{"level":"info","message":"Incoming request: GET /api/v1/clinic/booking-history?consultDate=2026-01-08","service":"default-service-name","timestamp":"2026-01-19 11:43:29"}
{"level":"info","message":"Incoming request: GET /api/v1/clinic/booking-history?consultDate=2026-01-10","service":"default-service-name","timestamp":"2026-01-19 11:43:38"}
{"level":"info","message":"Incoming request: POST /api/v1/payment/patient-top-up","service":"default-service-name","timestamp":"2026-01-19 12:05:54"}
{"level":"info","message":"Incoming request: POST /api/v1/payment/top-up-history","service":"default-service-name","timestamp":"2026-01-19 12:40:42"}
{"level":"info","message":"Incoming request: GET /api/v1/payment/top-up-history","service":"default-service-name","timestamp":"2026-01-19 12:41:04"}
{"level":"info","message":"Incoming request: POST /api/v1/patient/appointment-booking","service":"default-service-name","timestamp":"2026-01-19 12:57:35"}
{"level":"info","message":"Incoming request: GET /api/v1/patient/profile","service":"default-service-name","timestamp":"2026-01-19 12:57:49"}
{"level":"info","message":"Incoming request: POST /api/v1/patient/appointment-booking","service":"default-service-name","timestamp":"2026-01-19 12:57:59"}
{"level":"info","message":"Incoming request: POST /api/v1/patient/appointment-booking","service":"default-service-name","timestamp":"2026-01-19 12:58:54"}
{"level":"info","message":"Incoming request: POST /api/v1/patient/appointment-booking","service":"default-service-name","timestamp":"2026-01-19 12:59:25"}
{"level":"info","message":"Incoming request: POST /api/v1/patient/appointment-booking","service":"default-service-name","timestamp":"2026-01-19 13:00:10"}
{"level":"info","message":"Incoming request: GET /api/v1/patient/profile","service":"default-service-name","timestamp":"2026-01-19 13:00:27"}
{"level":"info","message":"Incoming request: GET /api/v1/patient/profile","service":"default-service-name","timestamp":"2026-01-19 13:03:27"}
{"level":"info","message":"Incoming request: POST /api/v1/patient/appointment-booking","service":"default-service-name","timestamp":"2026-01-19 13:03:39"}
{"level":"info","message":"Incoming request: GET /api/v1/patient/profile","service":"default-service-name","timestamp":"2026-01-19 13:03:54"}
{"level":"info","message":"Incoming request: POST /api/v1/patient/appointment-booking","service":"default-service-name","timestamp":"2026-01-19 13:03:59"}
{"level":"info","message":"Incoming request: GET /favicon.ico","service":"default-service-name","timestamp":"2026-01-19 15:25:18"}
{"level":"info","message":"Incoming request: GET /api/v1/payment/withdraw-history","service":"default-service-name","timestamp":"2026-01-19 15:25:39"}
{"level":"info","message":"Incoming request: POST /api/v1/payment/withdraw-payment","service":"default-service-name","timestamp":"2026-01-19 15:30:44"}
{"level":"info","message":"Incoming request: GET /api/v1/notification/clinic","service":"default-service-name","timestamp":"2026-01-19 15:54:57"}
{"level":"info","message":"Incoming request: GET /api/v1/notification/clinic","service":"default-service-name","timestamp":"2026-01-19 15:56:19"}
{"level":"info","message":"Incoming request: GET /api/v1/notification/clinic?page=1&limit=1","service":"default-service-name","timestamp":"2026-01-19 15:56:41"}
{"level":"info","message":"Incoming request: GET /api/v1/payment/generate-onboarding-link","service":"default-service-name","timestamp":"2026-01-19 15:59:23"}
{"level":"info","message":"Incoming request: GET /api/v1/payment/generate-onboarding-link","service":"default-service-name","timestamp":"2026-01-19 16:10:37"}
{"level":"info","message":"Incoming request: GET /api/v1/payment/generate-onboarding-link","service":"default-service-name","timestamp":"2026-01-19 16:14:02"}
{"level":"info","message":"Incoming request: GET /api/v1/doctor/profile","service":"default-service-name","timestamp":"2026-01-19 16:14:56"}
{"level":"info","message":"Incoming request: POST /api/v1/payment/patient-top-up","service":"default-service-name","timestamp":"2026-01-19 16:16:52"}
{"level":"info","message":"Incoming request: POST /api/v1/payment/patient-top-up","service":"default-service-name","timestamp":"2026-01-19 16:18:14"}
{"level":"info","message":"Incoming request: GET /api/v1/doctor/profile","service":"default-service-name","timestamp":"2026-01-19 16:18:27"}
{"level":"info","message":"Incoming request: POST /api/v1/payment/withdraw-payment","service":"default-service-name","timestamp":"2026-01-19 16:18:43"}
{"level":"info","message":"Incoming request: POST /api/v1/payment/withdraw-payment","service":"default-service-name","timestamp":"2026-01-19 16:18:59"}
{"level":"info","message":"Incoming request: GET /api/v1/payment/withdraw-history","service":"default-service-name","timestamp":"2026-01-19 16:19:07"}
{"level":"info","message":"Incoming request: GET /api/v1/payment/withdraw-history","service":"default-service-name","timestamp":"2026-01-19 16:20:05"}
{"level":"info","message":"Incoming request: POST /api/v1/payment/withdraw-payment","service":"default-service-name","timestamp":"2026-01-19 16:20:18"}
{"level":"info","message":"Incoming request: GET /api/v1/payment/withdraw-history","service":"default-service-name","timestamp":"2026-01-19 16:20:24"}
{"level":"info","message":"Incoming request: GET /api/v1/clinic/booking-history?status=PENDING","service":"default-service-name","timestamp":"2026-01-20 09:39:45"}
{"level":"info","message":"Incoming request: GET /api/v1/clinic/booking-history?status=ARRIVED","service":"default-service-name","timestamp":"2026-01-20 09:39:58"}
{"level":"info","message":"Incoming request: GET /api/v1/clinic/booking-history?status=ARRIVED","service":"default-service-name","timestamp":"2026-01-20 09:45:47"}
{"level":"info","message":"Incoming request: GET /api/v1/clinic/booking-history?status=PENDING","service":"default-service-name","timestamp":"2026-01-20 09:46:09"}
{"level":"info","message":"Incoming request: GET /api/v1/clinic/booking-history?status=ARRIVED","service":"default-service-name","timestamp":"2026-01-20 09:50:56"}
{"level":"info","message":"Incoming request: POST /api/v1/otp-system","service":"default-service-name","timestamp":"2026-01-20 09:55:08"}
{"level":"info","message":"Incoming request: GET /api/v1/otp-system","service":"default-service-name","timestamp":"2026-01-20 09:55:35"}
{"level":"info","message":"Incoming request: POST /api/v1/otp-system","service":"default-service-name","timestamp":"2026-01-20 09:55:42"}
{"level":"info","message":"Incoming request: GET /api/v1/otp-system","service":"default-service-name","timestamp":"2026-01-20 09:55:49"}
{"level":"info","message":"Incoming request: POST /api/v1/otp-system","service":"default-service-name","timestamp":"2026-01-20 09:58:23"}
{"level":"info","message":"Incoming request: POST /api/v1/otp-system","service":"default-service-name","timestamp":"2026-01-20 09:58:26"}
{"level":"info","message":"Incoming request: GET /api/v1/otp-system","service":"default-service-name","timestamp":"2026-01-20 09:58:29"}
{"level":"info","message":"Incoming request: POST /api/v1/otp-system","service":"default-service-name","timestamp":"2026-01-20 09:58:41"}
{"level":"info","message":"Incoming request: GET /api/v1/otp-system","service":"default-service-name","timestamp":"2026-01-20 09:58:44"}
{"level":"info","message":"Incoming request: DELETE /api/v1/otp-system/cmkm2a31k0001tcd061pfzdl4","service":"default-service-name","timestamp":"2026-01-20 10:00:12"}
{"level":"info","message":"Incoming request: GET /api/v1/otp-system","service":"default-service-name","timestamp":"2026-01-20 10:00:30"}
{"level":"info","message":"Incoming request: DELETE /api/v1/otp-system/cmkm29d8k0000tcd0g5gdd16r","service":"default-service-name","timestamp":"2026-01-20 10:00:37"}
{"level":"info","message":"Incoming request: GET /api/v1/otp-system","service":"default-service-name","timestamp":"2026-01-20 10:00:42"}
{"level":"info","message":"Incoming request: POST /api/v1/otp-system","service":"default-service-name","timestamp":"2026-01-20 10:00:45"}
{"level":"info","message":"Incoming request: POST /api/v1/otp-system","service":"default-service-name","timestamp":"2026-01-20 10:00:47"}
{"level":"info","message":"Incoming request: GET /api/v1/otp-system","service":"default-service-name","timestamp":"2026-01-20 10:00:52"}
{"level":"info","message":"Incoming request: GET /api/v1/otp-system","service":"default-service-name","timestamp":"2026-01-20 10:00:54"}
{"level":"info","message":"Incoming request: POST /api/v1/otp-system","service":"default-service-name","timestamp":"2026-01-20 10:01:01"}
{"level":"info","message":"Incoming request: GET /api/v1/otp-system","service":"default-service-name","timestamp":"2026-01-20 10:01:04"}
{"level":"info","message":"Incoming request: POST /api/v1/otp-system","service":"default-service-name","timestamp":"2026-01-20 10:04:27"}
{"level":"info","message":"Incoming request: POST /api/v1/otp-system","service":"default-service-name","timestamp":"2026-01-20 10:25:16"}
{"level":"info","message":"Incoming request: POST /api/v1/otp-system","service":"default-service-name","timestamp":"2026-01-20 10:28:12"}
{"level":"info","message":"Incoming request: DELETE /api/v1/otp-system/cmkm2gkyx0000tcw09v8enmtt","service":"default-service-name","timestamp":"2026-01-20 10:29:20"}
{"level":"info","message":"Incoming request: GET /api/v1/otp-system","service":"default-service-name","timestamp":"2026-01-20 10:29:27"}
{"level":"info","message":"Incoming request: POST /api/v1/otp-system","service":"default-service-name","timestamp":"2026-01-20 10:36:21"}
{"level":"info","message":"Incoming request: POST /api/v1/otp-system","service":"default-service-name","timestamp":"2026-01-20 10:36:41"}
{"level":"info","message":"Incoming request: GET /api/v1/patient/get-doctor/cmk3gfvqc00025w2esra7tex2","service":"default-service-name","timestamp":"2026-01-20 11:00:09"}
{"level":"info","message":"Incoming request: GET /api/v1/patient/get-doctor/cmk0s9aqg0007tcvwtfublcey","service":"default-service-name","timestamp":"2026-01-20 11:05:32"}
{"level":"info","message":"Incoming request: GET /api/v1/patient/get-doctor/cmk3gfvqc00025w2esra7tex2","service":"default-service-name","timestamp":"2026-01-20 11:06:10"}
{"level":"info","message":"Incoming request: GET /api/v1/patient/get-clinic-doctors/cmk3jkgqa00005w9aa88eef23","service":"default-service-name","timestamp":"2026-01-20 11:06:28"}
{"level":"info","message":"Incoming request: GET /api/v1/patient/clinics/nearest","service":"default-service-name","timestamp":"2026-01-20 11:07:56"}
{"level":"info","message":"Incoming request: GET /api/v1/patient/get-clinic-doctors/cmkl1q9nb000cksid8nm2gteb","service":"default-service-name","timestamp":"2026-01-20 11:08:20"}
{"level":"info","message":"Incoming request: GET /api/v1/patient/clinics/nearest","service":"default-service-name","timestamp":"2026-01-20 11:08:35"}
{"level":"info","message":"Incoming request: GET /api/v1/patient/get-clinic-doctors/cmk27vt0d000e5wu4sslco3j6","service":"default-service-name","timestamp":"2026-01-20 11:09:05"}
{"level":"info","message":"Incoming request: GET /api/v1/patient/get-clinic-doctors/cmk27vt0d000e5wu4sslco3j6","service":"default-service-name","timestamp":"2026-01-20 11:09:25"}
{"level":"info","message":"Incoming request: GET /api/v1/patient/get-doctor/cmk3gfvqc00025w2esra7tex2","service":"default-service-name","timestamp":"2026-01-20 11:09:45"}
{"level":"info","message":"Incoming request: GET /api/v1/patient/clinics/cmk27vt0d000e5wu4sslco3j6","service":"default-service-name","timestamp":"2026-01-20 11:11:41"}
{"level":"info","message":"Incoming request: GET /api/v1/patient/clinics/cmk3jkgqa00005w9aa88eef23","service":"default-service-name","timestamp":"2026-01-20 11:12:41"}
{"level":"info","message":"Incoming request: GET /api/v1/patient/get-doctor/cmk3gfvqc00025w2esra7tex2","service":"default-service-name","timestamp":"2026-01-20 11:13:53"}
{"level":"info","message":"Incoming request: GET /api/v1/patient/clinics/nearest","service":"default-service-name","timestamp":"2026-01-20 11:14:30"}
{"level":"info","message":"Incoming request: GET /api/v1/patient/get-clinic-doctors/cmk27vt0d000e5wu4sslco3j6","service":"default-service-name","timestamp":"2026-01-20 11:14:49"}
{"level":"info","message":"Incoming request: GET /api/v1/patient/clinics/cmk27vt0d000e5wu4sslco3j6","service":"default-service-name","timestamp":"2026-01-20 11:15:00"}
{"level":"info","message":"Incoming request: GET /api/v1/patient/get-doctor/cmk3gfvqc00025w2esra7tex2","service":"default-service-name","timestamp":"2026-01-20 11:15:53"}
{"level":"info","message":"Incoming request: GET /api/v1/patient/get-doctor/cmk3gfvqc00025w2esra7tex2","service":"default-service-name","timestamp":"2026-01-20 11:16:42"}
{"level":"info","message":"Incoming request: GET /api/v1/patient/get-doctor/cmk3gfvqc00025w2esra7tex2","service":"default-service-name","timestamp":"2026-01-20 11:18:14"}
{"level":"info","message":"Incoming request: GET /api/v1/patient/get-doctor/cmk3gfvqc00025w2esra7tex2","service":"default-service-name","timestamp":"2026-01-20 11:19:05"}
{"level":"info","message":"Incoming request: GET /api/v1/patient/get-doctor/cmk3gfvqc00025w2esra7tex2","service":"default-service-name","timestamp":"2026-01-20 11:19:24"}
{"level":"info","message":"Incoming request: GET /api/v1/patient/get-doctor/cmk3gfvqc00025w2esra7tex2","service":"default-service-name","timestamp":"2026-01-20 11:20:48"}
{"level":"info","message":"Incoming request: GET /api/v1/patient/get-doctor/cmk3gfvqc00025w2esra7tex2","service":"default-service-name","timestamp":"2026-01-20 11:22:48"}
{"level":"info","message":"Incoming request: GET /api/v1/patient/get-clinic-doctors/cmk27vt0d000e5wu4sslco3j6?search=John","service":"default-service-name","timestamp":"2026-01-20 11:24:35"}
{"level":"info","message":"Incoming request: GET /api/v1/patient/get-clinic-doctors/cmk27vt0d000e5wu4sslco3j6","service":"default-service-name","timestamp":"2026-01-20 12:02:26"}
{"level":"info","message":"Incoming request: GET /api/v1/patient/get-clinic-doctors/cmk27vt0d000e5wu4sslco3j6?rating=4","service":"default-service-name","timestamp":"2026-01-20 12:02:34"}
{"level":"info","message":"Incoming request: GET /api/v1/patient/get-clinic-doctors/cmk27vt0d000e5wu4sslco3j6?rating=5","service":"default-service-name","timestamp":"2026-01-20 12:02:43"}
{"level":"info","message":"Incoming request: GET /api/v1/patient/get-clinic-doctors/cmk27vt0d000e5wu4sslco3j6?rating=3","service":"default-service-name","timestamp":"2026-01-20 12:02:54"}
{"level":"info","message":"Incoming request: PATCH /api/v1/clinic/update/appointment-status","service":"default-service-name","timestamp":"2026-01-20 12:20:47"}
{"level":"info","message":"Incoming request: GET /api/v1/clinic/booking-history?status=ARRIVED","service":"default-service-name","timestamp":"2026-01-20 12:21:03"}
{"level":"info","message":"Incoming request: GET /api/v1/clinic/booking-history","service":"default-service-name","timestamp":"2026-01-20 12:21:09"}
{"level":"info","message":"Incoming request: PATCH /api/v1/clinic/update/appointment-status","service":"default-service-name","timestamp":"2026-01-20 12:21:23"}
{"level":"info","message":"Incoming request: PATCH /api/v1/clinic/update/appointment-status","service":"default-service-name","timestamp":"2026-01-20 12:22:24"}
{"level":"info","message":"Incoming request: PATCH /api/v1/clinic/update/appointment-status","service":"default-service-name","timestamp":"2026-01-20 12:23:28"}
{"level":"info","message":"Incoming request: POST /","service":"default-service-name","timestamp":"2026-01-20 14:21:28"}
{"level":"info","message":"Incoming request: POST /","service":"default-service-name","timestamp":"2026-01-20 14:21:28"}
{"level":"info","message":"Incoming request: POST /","service":"default-service-name","timestamp":"2026-01-20 14:21:28"}
{"level":"info","message":"Incoming request: POST /","service":"default-service-name","timestamp":"2026-01-20 14:21:30"}
{"level":"info","message":"Incoming request: POST /","service":"default-service-name","timestamp":"2026-01-20 14:21:43"}
{"level":"info","message":"Incoming request: POST /","service":"default-service-name","timestamp":"2026-01-20 14:21:43"}
{"level":"info","message":"Incoming request: POST /","service":"default-service-name","timestamp":"2026-01-20 14:21:45"}
{"level":"info","message":"Incoming request: POST /","service":"default-service-name","timestamp":"2026-01-20 14:21:54"}
{"level":"info","message":"Incoming request: POST /","service":"default-service-name","timestamp":"2026-01-20 14:21:54"}
{"level":"info","message":"Incoming request: POST /","service":"default-service-name","timestamp":"2026-01-20 14:21:54"}
{"level":"info","message":"Incoming request: POST /","service":"default-service-name","timestamp":"2026-01-20 14:21:56"}
{"level":"info","message":"Incoming request: POST /","service":"default-service-name","timestamp":"2026-01-20 14:27:03"}
{"level":"info","message":"Incoming request: POST /","service":"default-service-name","timestamp":"2026-01-20 14:27:04"}
{"level":"info","message":"Incoming request: POST /","service":"default-service-name","timestamp":"2026-01-20 14:27:04"}
{"level":"info","message":"Incoming request: POST /","service":"default-service-name","timestamp":"2026-01-20 14:28:49"}
{"level":"info","message":"Incoming request: POST /","service":"default-service-name","timestamp":"2026-01-20 14:28:50"}
{"level":"info","message":"Incoming request: POST /","service":"default-service-name","timestamp":"2026-01-20 14:28:50"}
{"level":"info","message":"Incoming request: POST /","service":"default-service-name","timestamp":"2026-01-20 14:30:42"}
{"level":"info","message":"Incoming request: POST /","service":"default-service-name","timestamp":"2026-01-20 14:30:44"}
{"level":"info","message":"Incoming request: POST /","service":"default-service-name","timestamp":"2026-01-20 14:30:44"}
{"level":"info","message":"Incoming request: POST /","service":"default-service-name","timestamp":"2026-01-20 14:32:11"}
{"level":"info","message":"Incoming request: POST /","service":"default-service-name","timestamp":"2026-01-20 14:32:11"}
{"level":"info","message":"Incoming request: POST /","service":"default-service-name","timestamp":"2026-01-20 14:32:11"}
{"level":"info","message":"Incoming request: POST /","service":"default-service-name","timestamp":"2026-01-20 14:32:30"}
{"level":"info","message":"Incoming request: POST /","service":"default-service-name","timestamp":"2026-01-20 14:32:30"}
{"level":"info","message":"Incoming request: POST /","service":"default-service-name","timestamp":"2026-01-20 14:32:30"}
{"level":"info","message":"Incoming request: POST /","service":"default-service-name","timestamp":"2026-01-20 14:33:04"}
{"level":"info","message":"Incoming request: POST /","service":"default-service-name","timestamp":"2026-01-20 14:33:04"}
{"level":"info","message":"Incoming request: POST /","service":"default-service-name","timestamp":"2026-01-20 14:33:04"}
{"level":"info","message":"Incoming request: POST /","service":"default-service-name","timestamp":"2026-01-20 14:34:25"}
{"level":"info","message":"Incoming request: POST /","service":"default-service-name","timestamp":"2026-01-20 14:34:25"}
{"level":"info","message":"Incoming request: POST /","service":"default-service-name","timestamp":"2026-01-20 14:34:25"}
{"level":"info","message":"Incoming request: POST /","service":"default-service-name","timestamp":"2026-01-20 14:36:08"}
{"level":"info","message":"Incoming request: POST /","service":"default-service-name","timestamp":"2026-01-20 14:36:08"}
{"level":"info","message":"Incoming request: POST /","service":"default-service-name","timestamp":"2026-01-20 14:36:08"}
{"level":"info","message":"Incoming request: POST /","service":"default-service-name","timestamp":"2026-01-20 14:41:07"}
{"level":"info","message":"Incoming request: POST /","service":"default-service-name","timestamp":"2026-01-20 14:41:08"}
{"level":"info","message":"Incoming request: POST /","service":"default-service-name","timestamp":"2026-01-20 14:41:08"}
{"level":"info","message":"Incoming request: POST /","service":"default-service-name","timestamp":"2026-01-20 14:45:41"}
{"level":"info","message":"Incoming request: POST /","service":"default-service-name","timestamp":"2026-01-20 14:45:41"}
{"level":"info","message":"Incoming request: POST /","service":"default-service-name","timestamp":"2026-01-20 14:45:41"}
{"level":"info","message":"Incoming request: POST /api/v1/patient/appointment-booking","service":"default-service-name","timestamp":"2026-01-20 14:57:10"}
{"level":"info","message":"Incoming request: GET /api/v1/patient/get-doctor/cmk3gfvqc00025w2esra7tex2","service":"default-service-name","timestamp":"2026-01-20 14:57:28"}
{"level":"info","message":"Incoming request: POST /api/v1/patient/appointment-booking","service":"default-service-name","timestamp":"2026-01-20 14:57:54"}
{"level":"info","message":"Incoming request: POST /api/v1/payment/patient-top-up","service":"default-service-name","timestamp":"2026-01-20 14:58:26"}
{"level":"info","message":"Incoming request: POST /","service":"default-service-name","timestamp":"2026-01-20 14:58:30"}
{"level":"info","message":"Incoming request: POST /","service":"default-service-name","timestamp":"2026-01-20 14:58:30"}
{"level":"info","message":"Incoming request: POST /","service":"default-service-name","timestamp":"2026-01-20 14:58:30"}
{"level":"info","message":"Incoming request: POST /","service":"default-service-name","timestamp":"2026-01-20 14:58:32"}
{"level":"info","message":"Incoming request: POST /api/v1/patient/appointment-booking","service":"default-service-name","timestamp":"2026-01-20 14:58:37"}
{"level":"info","message":"Incoming request: POST /api/v1/patient/appointment-booking","service":"default-service-name","timestamp":"2026-01-20 14:59:01"}
{"level":"info","message":"Incoming request: POST /api/v1/patient/appointment-booking","service":"default-service-name","timestamp":"2026-01-20 14:59:26"}
{"level":"info","message":"Incoming request: POST /api/v1/patient/appointment-booking","service":"default-service-name","timestamp":"2026-01-20 15:00:28"}
{"level":"info","message":"Incoming request: POST /api/v1/patient/appointment-booking","service":"default-service-name","timestamp":"2026-01-20 15:00:33"}
{"level":"info","message":"Incoming request: POST /api/v1/patient/appointment-booking","service":"default-service-name","timestamp":"2026-01-20 15:02:59"}
{"level":"info","message":"Incoming request: POST /api/v1/patient/appointment-booking","service":"default-service-name","timestamp":"2026-01-20 15:03:35"}
{"level":"info","message":"Incoming request: POST /api/v1/patient/appointment-booking","service":"default-service-name","timestamp":"2026-01-20 15:04:30"}
{"level":"info","message":"Incoming request: POST /api/v1/patient/appointment-booking","service":"default-service-name","timestamp":"2026-01-20 15:08:14"}
{"level":"info","message":"Incoming request: POST /api/v1/patient/appointment-booking","service":"default-service-name","timestamp":"2026-01-20 15:10:59"}
{"level":"info","message":"Incoming request: POST /api/v1/patient/appointment-booking","service":"default-service-name","timestamp":"2026-01-20 15:13:35"}
{"level":"info","message":"Incoming request: POST /api/v1/patient/appointment-booking","service":"default-service-name","timestamp":"2026-01-20 15:14:13"}
{"level":"info","message":"Incoming request: POST /api/v1/patient/appointment-booking","service":"default-service-name","timestamp":"2026-01-20 15:15:50"}
{"level":"info","message":"Incoming request: POST /api/v1/patient/appointment-booking","service":"default-service-name","timestamp":"2026-01-20 15:18:05"}
{"level":"info","message":"Incoming request: POST /api/v1/patient/appointment-booking","service":"default-service-name","timestamp":"2026-01-20 15:18:47"}
{"level":"info","message":"Incoming request: POST /","service":"default-service-name","timestamp":"2026-01-20 15:20:35"}
{"level":"info","message":"Incoming request: POST /","service":"default-service-name","timestamp":"2026-01-20 15:20:49"}
{"level":"info","message":"Incoming request: POST /","service":"default-service-name","timestamp":"2026-01-20 15:20:57"}
{"level":"info","message":"Incoming request: POST /","service":"default-service-name","timestamp":"2026-01-20 15:20:57"}
{"level":"info","message":"Incoming request: POST /","service":"default-service-name","timestamp":"2026-01-20 15:21:05"}
{"level":"info","message":"Incoming request: POST /","service":"default-service-name","timestamp":"2026-01-20 15:22:22"}
{"level":"info","message":"Incoming request: POST /api/v1/patient/appointment-booking","service":"default-service-name","timestamp":"2026-01-20 15:22:45"}
{"level":"info","message":"Incoming request: POST /","service":"default-service-name","timestamp":"2026-01-20 15:22:54"}
{"level":"info","message":"Incoming request: POST /","service":"default-service-name","timestamp":"2026-01-20 15:23:06"}
{"level":"info","message":"Incoming request: POST /","service":"default-service-name","timestamp":"2026-01-20 15:26:24"}
{"level":"info","message":"Incoming request: POST /","service":"default-service-name","timestamp":"2026-01-20 15:27:12"}
{"level":"info","message":"Incoming request: POST /","service":"default-service-name","timestamp":"2026-01-20 15:28:04"}
{"level":"info","message":"Incoming request: POST /","service":"default-service-name","timestamp":"2026-01-20 15:28:08"}
{"level":"info","message":"Incoming request: POST /","service":"default-service-name","timestamp":"2026-01-20 15:28:08"}
{"level":"info","message":"Incoming request: POST /","service":"default-service-name","timestamp":"2026-01-20 15:28:08"}
{"level":"info","message":"Incoming request: POST /","service":"default-service-name","timestamp":"2026-01-20 15:28:27"}
{"level":"info","message":"Incoming request: POST /","service":"default-service-name","timestamp":"2026-01-20 15:28:27"}
{"level":"info","message":"Incoming request: POST /","service":"default-service-name","timestamp":"2026-01-20 15:28:27"}
{"level":"info","message":"Incoming request: POST /","service":"default-service-name","timestamp":"2026-01-20 15:28:33"}
{"level":"info","message":"Incoming request: POST /","service":"default-service-name","timestamp":"2026-01-20 15:28:40"}
{"level":"info","message":"Incoming request: POST /","service":"default-service-name","timestamp":"2026-01-20 15:28:57"}
{"level":"info","message":"Incoming request: POST /","service":"default-service-name","timestamp":"2026-01-20 15:29:44"}
{"level":"info","message":"Incoming request: POST /","service":"default-service-name","timestamp":"2026-01-20 15:30:49"}
{"level":"info","message":"Incoming request: POST /","service":"default-service-name","timestamp":"2026-01-20 15:30:56"}
{"level":"info","message":"Incoming request: POST /","service":"default-service-name","timestamp":"2026-01-20 15:32:38"}
{"level":"info","message":"Incoming request: POST /","service":"default-service-name","timestamp":"2026-01-20 15:32:48"}
{"level":"info","message":"Incoming request: POST /","service":"default-service-name","timestamp":"2026-01-20 15:32:50"}
{"level":"info","message":"Incoming request: POST /","service":"default-service-name","timestamp":"2026-01-20 15:33:18"}
{"level":"info","message":"Incoming request: POST /","service":"default-service-name","timestamp":"2026-01-20 15:33:21"}
{"level":"info","message":"Incoming request: POST /","service":"default-service-name","timestamp":"2026-01-20 15:33:21"}
{"level":"info","message":"Incoming request: POST /","service":"default-service-name","timestamp":"2026-01-20 15:33:35"}
{"level":"info","message":"Incoming request: POST /","service":"default-service-name","timestamp":"2026-01-20 15:33:40"}
{"level":"info","message":"Incoming request: POST /","service":"default-service-name","timestamp":"2026-01-20 15:34:01"}
{"level":"info","message":"Incoming request: POST /","service":"default-service-name","timestamp":"2026-01-20 15:34:15"}
{"level":"info","message":"Incoming request: POST /","service":"default-service-name","timestamp":"2026-01-20 15:35:03"}
{"level":"info","message":"Incoming request: POST /","service":"default-service-name","timestamp":"2026-01-20 15:35:29"}
{"level":"info","message":"Incoming request: POST /","service":"default-service-name","timestamp":"2026-01-20 15:35:35"}
{"level":"info","message":"Incoming request: POST /","service":"default-service-name","timestamp":"2026-01-20 15:36:36"}
{"level":"info","message":"Incoming request: POST /","service":"default-service-name","timestamp":"2026-01-20 15:36:52"}
{"level":"info","message":"Incoming request: POST /","service":"default-service-name","timestamp":"2026-01-20 15:38:50"}
{"level":"info","message":"Incoming request: POST /","service":"default-service-name","timestamp":"2026-01-20 15:38:50"}
{"level":"info","message":"Incoming request: POST /","service":"default-service-name","timestamp":"2026-01-20 15:38:50"}
{"level":"info","message":"Incoming request: POST /","service":"default-service-name","timestamp":"2026-01-20 15:40:03"}
{"level":"info","message":"Incoming request: POST /","service":"default-service-name","timestamp":"2026-01-20 15:41:09"}
{"level":"info","message":"Incoming request: POST /","service":"default-service-name","timestamp":"2026-01-20 15:41:39"}
{"level":"info","message":"Incoming request: POST /","service":"default-service-name","timestamp":"2026-01-20 15:44:47"}
{"level":"info","message":"Incoming request: POST /","service":"default-service-name","timestamp":"2026-01-20 15:45:20"}
{"level":"info","message":"Incoming request: POST /","service":"default-service-name","timestamp":"2026-01-20 15:45:35"}
{"level":"info","message":"Incoming request: POST /","service":"default-service-name","timestamp":"2026-01-20 15:45:35"}
{"level":"info","message":"Incoming request: POST /","service":"default-service-name","timestamp":"2026-01-20 15:45:58"}
{"level":"info","message":"Incoming request: POST /","service":"default-service-name","timestamp":"2026-01-20 15:45:58"}
{"level":"info","message":"Incoming request: POST /","service":"default-service-name","timestamp":"2026-01-20 15:46:14"}
{"level":"info","message":"Incoming request: POST /","service":"default-service-name","timestamp":"2026-01-20 15:46:14"}
{"level":"info","message":"Incoming request: POST /","service":"default-service-name","timestamp":"2026-01-20 15:46:35"}
{"level":"info","message":"Incoming request: POST /","service":"default-service-name","timestamp":"2026-01-20 15:47:32"}
{"level":"info","message":"Incoming request: POST /","service":"default-service-name","timestamp":"2026-01-20 15:47:32"}
{"level":"info","message":"Incoming request: POST /","service":"default-service-name","timestamp":"2026-01-20 15:47:32"}
{"level":"info","message":"Incoming request: POST /","service":"default-service-name","timestamp":"2026-01-20 15:48:57"}
{"level":"info","message":"Incoming request: POST /","service":"default-service-name","timestamp":"2026-01-20 15:48:57"}
{"level":"info","message":"Incoming request: POST /","service":"default-service-name","timestamp":"2026-01-20 15:53:32"}
{"level":"info","message":"Incoming request: POST /","service":"default-service-name","timestamp":"2026-01-20 15:53:33"}
{"level":"info","message":"Incoming request: POST /","service":"default-service-name","timestamp":"2026-01-20 15:53:33"}
{"level":"info","message":"Incoming request: POST /","service":"default-service-name","timestamp":"2026-01-20 15:53:33"}
{"level":"info","message":"Incoming request: POST /","service":"default-service-name","timestamp":"2026-01-20 15:53:33"}
{"level":"info","message":"Incoming request: POST /","service":"default-service-name","timestamp":"2026-01-20 15:54:01"}
{"level":"info","message":"Incoming request: POST /","service":"default-service-name","timestamp":"2026-01-20 15:54:02"}
{"level":"info","message":"Incoming request: POST /","service":"default-service-name","timestamp":"2026-01-20 15:54:02"}
{"level":"info","message":"Incoming request: POST /","service":"default-service-name","timestamp":"2026-01-20 15:54:34"}
{"level":"info","message":"Incoming request: POST /","service":"default-service-name","timestamp":"2026-01-20 15:54:35"}
{"level":"info","message":"Incoming request: POST /","service":"default-service-name","timestamp":"2026-01-20 15:54:35"}
{"level":"info","message":"Incoming request: POST /","service":"default-service-name","timestamp":"2026-01-20 15:54:52"}
{"level":"info","message":"Incoming request: POST /","service":"default-service-name","timestamp":"2026-01-20 15:54:52"}
{"level":"info","message":"Incoming request: POST /","service":"default-service-name","timestamp":"2026-01-20 15:54:52"}
{"level":"info","message":"Incoming request: POST /","service":"default-service-name","timestamp":"2026-01-20 15:54:53"}
{"level":"info","message":"Incoming request: POST /","service":"default-service-name","timestamp":"2026-01-20 15:54:53"}
{"level":"info","message":"Incoming request: POST /","service":"default-service-name","timestamp":"2026-01-20 15:55:15"}
{"level":"info","message":"Incoming request: POST /","service":"default-service-name","timestamp":"2026-01-20 15:55:16"}
{"level":"info","message":"Incoming request: POST /","service":"default-service-name","timestamp":"2026-01-20 15:55:16"}
{"level":"info","message":"Incoming request: POST /","service":"default-service-name","timestamp":"2026-01-20 15:56:05"}
{"level":"info","message":"Incoming request: POST /","service":"default-service-name","timestamp":"2026-01-20 15:56:06"}
{"level":"info","message":"Incoming request: POST /","service":"default-service-name","timestamp":"2026-01-20 15:56:06"}
{"level":"info","message":"Incoming request: POST /","service":"default-service-name","timestamp":"2026-01-20 15:57:15"}
{"level":"info","message":"Incoming request: POST /","service":"default-service-name","timestamp":"2026-01-20 15:57:15"}
{"level":"info","message":"Incoming request: POST /","service":"default-service-name","timestamp":"2026-01-20 15:57:15"}
{"level":"info","message":"Incoming request: POST /","service":"default-service-name","timestamp":"2026-01-20 15:57:18"}
{"level":"info","message":"Incoming request: POST /","service":"default-service-name","timestamp":"2026-01-20 15:57:18"}
{"level":"info","message":"Incoming request: POST /","service":"default-service-name","timestamp":"2026-01-20 15:57:18"}
{"level":"info","message":"Incoming request: POST /","service":"default-service-name","timestamp":"2026-01-20 15:57:19"}
{"level":"info","message":"Incoming request: POST /","service":"default-service-name","timestamp":"2026-01-20 15:57:19"}
{"level":"info","message":"Incoming request: POST /","service":"default-service-name","timestamp":"2026-01-20 15:58:13"}
{"level":"info","message":"Incoming request: POST /","service":"default-service-name","timestamp":"2026-01-20 15:58:18"}
{"level":"info","message":"Incoming request: POST /","service":"default-service-name","timestamp":"2026-01-20 15:58:24"}
{"level":"info","message":"Incoming request: POST /","service":"default-service-name","timestamp":"2026-01-20 15:59:07"}
{"level":"info","message":"Incoming request: POST /","service":"default-service-name","timestamp":"2026-01-20 16:17:00"}
{"level":"info","message":"Incoming request: POST /","service":"default-service-name","timestamp":"2026-01-20 16:17:01"}
{"level":"info","message":"Incoming request: POST /","service":"default-service-name","timestamp":"2026-01-20 16:17:01"}
{"level":"info","message":"Incoming request: POST /","service":"default-service-name","timestamp":"2026-01-20 16:17:37"}
{"level":"info","message":"Incoming request: POST /","service":"default-service-name","timestamp":"2026-01-20 16:17:37"}
{"level":"info","message":"Incoming request: POST /","service":"default-service-name","timestamp":"2026-01-20 16:17:38"}
{"level":"info","message":"Incoming request: POST /","service":"default-service-name","timestamp":"2026-01-20 16:17:38"}
{"level":"info","message":"Incoming request: POST /","service":"default-service-name","timestamp":"2026-01-20 16:18:54"}
{"level":"info","message":"Incoming request: POST /","service":"default-service-name","timestamp":"2026-01-20 16:18:54"}
{"level":"info","message":"Incoming request: POST /","service":"default-service-name","timestamp":"2026-01-20 16:18:54"}
{"level":"info","message":"Incoming request: POST /","service":"default-service-name","timestamp":"2026-01-20 16:22:16"}
{"level":"info","message":"Incoming request: POST /","service":"default-service-name","timestamp":"2026-01-20 16:22:16"}
{"level":"info","message":"Incoming request: POST /","service":"default-service-name","timestamp":"2026-01-20 16:22:16"}
{"level":"info","message":"Incoming request: POST /","service":"default-service-name","timestamp":"2026-01-20 16:23:25"}
{"level":"info","message":"Incoming request: POST /","service":"default-service-name","timestamp":"2026-01-20 16:23:26"}
{"level":"info","message":"Incoming request: POST /","service":"default-service-name","timestamp":"2026-01-20 16:23:26"}
{"level":"info","message":"Incoming request: POST /","service":"default-service-name","timestamp":"2026-01-20 16:23:26"}
{"level":"info","message":"Incoming request: POST /","service":"default-service-name","timestamp":"2026-01-20 16:23:27"}
{"level":"info","message":"Incoming request: POST /","service":"default-service-name","timestamp":"2026-01-20 16:23:43"}
{"level":"info","message":"Incoming request: POST /","service":"default-service-name","timestamp":"2026-01-20 16:23:44"}
{"level":"info","message":"Incoming request: POST /","service":"default-service-name","timestamp":"2026-01-20 16:23:44"}
{"level":"info","message":"Incoming request: POST /","service":"default-service-name","timestamp":"2026-01-20 16:23:44"}
{"level":"info","message":"Incoming request: POST /","service":"default-service-name","timestamp":"2026-01-20 16:23:44"}
{"level":"info","message":"Incoming request: POST /","service":"default-service-name","timestamp":"2026-01-20 16:26:58"}
{"level":"info","message":"Incoming request: POST /","service":"default-service-name","timestamp":"2026-01-20 16:27:20"}
{"level":"info","message":"Incoming request: POST /","service":"default-service-name","timestamp":"2026-01-20 16:27:30"}
{"level":"info","message":"Incoming request: POST /","service":"default-service-name","timestamp":"2026-01-20 16:27:55"}
{"level":"info","message":"Incoming request: POST /","service":"default-service-name","timestamp":"2026-01-20 16:28:50"}
{"level":"info","message":"Incoming request: POST /","service":"default-service-name","timestamp":"2026-01-20 16:29:01"}
{"level":"info","message":"Incoming request: POST /","service":"default-service-name","timestamp":"2026-01-20 16:37:48"}
{"level":"info","message":"Incoming request: POST /","service":"default-service-name","timestamp":"2026-01-20 16:38:57"}
{"level":"info","message":"Incoming request: POST /","service":"default-service-name","timestamp":"2026-01-20 16:39:55"}
{"level":"info","message":"Incoming request: POST /","service":"default-service-name","timestamp":"2026-01-20 16:40:22"}
{"level":"info","message":"Incoming request: POST /","service":"default-service-name","timestamp":"2026-01-20 16:45:10"}
{"level":"info","message":"Incoming request: POST /","service":"default-service-name","timestamp":"2026-01-20 16:45:25"}
{"level":"info","message":"Incoming request: POST /","service":"default-service-name","timestamp":"2026-01-20 16:45:51"}
{"level":"info","message":"Incoming request: POST /","service":"default-service-name","timestamp":"2026-01-20 16:46:07"}
{"level":"info","message":"Incoming request: POST /","service":"default-service-name","timestamp":"2026-01-20 16:46:35"}
{"level":"info","message":"Incoming request: POST /","service":"default-service-name","timestamp":"2026-01-20 16:46:55"}
{"level":"info","message":"Incoming request: POST /","service":"default-service-name","timestamp":"2026-01-20 16:46:55"}
{"level":"info","message":"Incoming request: POST /","service":"default-service-name","timestamp":"2026-01-20 16:46:55"}
{"level":"info","message":"Incoming request: POST /","service":"default-service-name","timestamp":"2026-01-20 16:46:56"}
{"level":"info","message":"Incoming request: POST /","service":"default-service-name","timestamp":"2026-01-20 16:46:58"}
{"level":"info","message":"Incoming request: POST /","service":"default-service-name","timestamp":"2026-01-20 16:47:06"}
{"level":"info","message":"Incoming request: POST /","service":"default-service-name","timestamp":"2026-01-20 16:47:22"}
{"level":"info","message":"Incoming request: POST /","service":"default-service-name","timestamp":"2026-01-20 16:47:38"}
{"level":"info","message":"Incoming request: POST /","service":"default-service-name","timestamp":"2026-01-20 16:48:09"}
{"level":"info","message":"Incoming request: POST /","service":"default-service-name","timestamp":"2026-01-20 16:48:16"}
{"level":"info","message":"Incoming request: POST /","service":"default-service-name","timestamp":"2026-01-20 16:53:28"}
{"level":"info","message":"Incoming request: POST /","service":"default-service-name","timestamp":"2026-01-20 16:53:49"}
{"level":"info","message":"Incoming request: POST /","service":"default-service-name","timestamp":"2026-01-20 16:54:00"}
{"level":"info","message":"Incoming request: POST /","service":"default-service-name","timestamp":"2026-01-20 16:54:03"}
{"level":"info","message":"Incoming request: POST /","service":"default-service-name","timestamp":"2026-01-20 16:54:33"}
{"level":"info","message":"Incoming request: POST /","service":"default-service-name","timestamp":"2026-01-20 16:54:34"}
{"level":"info","message":"Incoming request: POST /","service":"default-service-name","timestamp":"2026-01-20 16:54:42"}
{"level":"info","message":"Incoming request: POST /","service":"default-service-name","timestamp":"2026-01-20 16:54:49"}
{"level":"info","message":"Incoming request: POST /","service":"default-service-name","timestamp":"2026-01-20 16:54:53"}
{"level":"info","message":"Incoming request: POST /","service":"default-service-name","timestamp":"2026-01-20 16:54:58"}
{"level":"info","message":"Incoming request: POST /","service":"default-service-name","timestamp":"2026-01-20 16:55:01"}
{"level":"info","message":"Incoming request: POST /","service":"default-service-name","timestamp":"2026-01-20 16:55:06"}
{"level":"info","message":"Incoming request: POST /","service":"default-service-name","timestamp":"2026-01-20 16:55:08"}
{"level":"info","message":"Incoming request: PATCH /api/v1/clinic/update/appointment-status","service":"default-service-name","timestamp":"2026-01-20 17:01:33"}
{"level":"info","message":"Incoming request: POST /api/v1/specialist","service":"default-service-name","timestamp":"2026-01-21 16:16:15"}
{"level":"info","message":"Incoming request: POST /api/v1/specialist","service":"default-service-name","timestamp":"2026-01-21 16:16:45"}
{"level":"info","message":"Incoming request: POST /api/v1/specialist","service":"default-service-name","timestamp":"2026-01-21 16:16:54"}
{"level":"info","message":"Incoming request: GET /api/v1/specialist?page=1&limit=1","service":"default-service-name","timestamp":"2026-01-21 16:17:27"}
{"level":"info","message":"Incoming request: GET /api/v1/specialist?page=1","service":"default-service-name","timestamp":"2026-01-21 16:17:32"}
{"level":"info","message":"Incoming request: DELETE /api/v1/specialist/cmknvc1wx0000tctcdcrfmv0n","service":"default-service-name","timestamp":"2026-01-21 16:18:10"}
{"level":"info","message":"Incoming request: DELETE /api/v1/specialist/cmknvc1wx0000tctcdcrfmv0n","service":"default-service-name","timestamp":"2026-01-21 16:18:31"}
{"level":"info","message":"Incoming request: GET /api/v1/specialist?page=1","service":"default-service-name","timestamp":"2026-01-21 16:18:42"}
{"level":"info","message":"Incoming request: PATCH /api/v1/specialist/cmknvc8oc0001tctc93ukwxem","service":"default-service-name","timestamp":"2026-01-21 16:19:08"}
{"level":"info","message":"Incoming request: GET /api/v1/specialist?page=1","service":"default-service-name","timestamp":"2026-01-21 16:19:18"}
{"level":"info","message":"Incoming request: POST /api/v1/insurance","service":"default-service-name","timestamp":"2026-01-21 16:19:33"}
{"level":"info","message":"Incoming request: POST /api/v1/insurance","service":"default-service-name","timestamp":"2026-01-21 16:21:01"}
{"level":"info","message":"Incoming request: GET /api/v1/insurance?page=1&limit=10","service":"default-service-name","timestamp":"2026-01-21 16:21:35"}
{"level":"info","message":"Incoming request: POST /api/v1/insurance","service":"default-service-name","timestamp":"2026-01-21 16:21:43"}
{"level":"info","message":"Incoming request: PATCH /api/v1/insurance/cmknvhkwu0000tcxw728zor33","service":"default-service-name","timestamp":"2026-01-21 16:22:29"}
{"level":"info","message":"Incoming request: PATCH /api/v1/insurance/cmknvhkwu0000tcxw728zor33","service":"default-service-name","timestamp":"2026-01-21 16:22:45"}
{"level":"info","message":"Incoming request: DELETE /api/v1/insurance/cmknvhkwu0000tcxw728zor33","service":"default-service-name","timestamp":"2026-01-21 16:23:13"}
{"level":"info","message":"Incoming request: GET /api/v1/insurance?page=1&limit=10","service":"default-service-name","timestamp":"2026-01-21 16:23:17"}
{"level":"info","message":"Incoming request: POST /api/v1/insurance","service":"default-service-name","timestamp":"2026-01-21 16:23:22"}
{"level":"info","message":"Incoming request: GET /api/v1/insurance?page=1&limit=10","service":"default-service-name","timestamp":"2026-01-21 16:23:25"}
{"level":"info","message":"Incoming request: GET /api/v1/insurance?page=1&limit=10","service":"default-service-name","timestamp":"2026-01-21 16:23:32"}
{"level":"info","message":"Incoming request: POST /api/v1/specialist","service":"default-service-name","timestamp":"2026-01-21 16:41:41"}
{"level":"info","message":"Incoming request: POST /api/v1/specialist","service":"default-service-name","timestamp":"2026-01-21 16:42:02"}
{"level":"info","message":"Incoming request: POST /api/v1/specialist","service":"default-service-name","timestamp":"2026-01-21 16:42:07"}
{"level":"info","message":"Incoming request: POST /api/v1/specialist","service":"default-service-name","timestamp":"2026-01-21 16:42:12"}
{"level":"info","message":"Incoming request: GET /api/v1/specialist?page=1&limit=10","service":"default-service-name","timestamp":"2026-01-21 16:44:30"}
{"level":"info","message":"Incoming request: POST /api/v1/auth/send-otp","service":"default-service-name","timestamp":"2026-01-21 16:48:14"}
{"level":"info","message":"Incoming request: POST /api/v1/auth/verify-otp","service":"default-service-name","timestamp":"2026-01-21 16:48:39"}
{"level":"info","message":"Incoming request: PATCH /api/v1/clinic/update-info","service":"default-service-name","timestamp":"2026-01-21 16:48:55"}
{"level":"info","message":"Incoming request: GET /api/v1/insurance?page=1&limit=10","service":"default-service-name","timestamp":"2026-01-21 16:50:21"}
{"level":"info","message":"Incoming request: POST /api/v1/insurance","service":"default-service-name","timestamp":"2026-01-21 16:50:28"}
{"level":"info","message":"Incoming request: POST /api/v1/insurance","service":"default-service-name","timestamp":"2026-01-21 16:50:50"}
{"level":"info","message":"Incoming request: GET /api/v1/insurance?page=1&limit=10","service":"default-service-name","timestamp":"2026-01-21 16:50:57"}
{"level":"info","message":"Incoming request: GET /api/v1/insurance?page=1&limit=10","service":"default-service-name","timestamp":"2026-01-21 16:51:01"}
{"level":"info","message":"Incoming request: POST /api/v1/insurance","service":"default-service-name","timestamp":"2026-01-21 16:51:07"}
{"level":"info","message":"Incoming request: GET /api/v1/insurance?page=1&limit=10","service":"default-service-name","timestamp":"2026-01-21 16:51:10"}
{"level":"info","message":"Incoming request: POST /api/v1/clinic/insurances","service":"default-service-name","timestamp":"2026-01-21 16:51:23"}
{"level":"info","message":"Incoming request: GET /api/v1/clinic/insurances","service":"default-service-name","timestamp":"2026-01-21 16:51:32"}
{"level":"info","message":"Incoming request: GET /api/v1/clinic/insurances","service":"default-service-name","timestamp":"2026-01-21 16:52:51"}
{"level":"info","message":"Incoming request: DELETE /api/v1/clinic/insurances/cmknwkk1l0009tcxkopqj25rx","service":"default-service-name","timestamp":"2026-01-21 16:53:08"}
{"level":"info","message":"Incoming request: GET /api/v1/specialist?page=1&limit=10","service":"default-service-name","timestamp":"2026-01-22 15:11:41"}
{"level":"info","message":"Incoming request: GET /api/v1/clinic/specialists","service":"default-service-name","timestamp":"2026-01-22 15:12:32"}
{"level":"info","message":"Incoming request: POST /api/v1/clinic/specialists","service":"default-service-name","timestamp":"2026-01-22 15:12:49"}
{"level":"info","message":"Incoming request: GET /api/v1/specialist?page=1&limit=10","service":"default-service-name","timestamp":"2026-01-22 15:23:41"}
{"level":"info","message":"Incoming request: POST /api/v1/clinic/specialists","service":"default-service-name","timestamp":"2026-01-22 15:23:52"}
{"level":"info","message":"Incoming request: POST /api/v1/clinic/specialists","service":"default-service-name","timestamp":"2026-01-22 15:23:56"}
{"level":"info","message":"Incoming request: POST /api/v1/clinic/specialists","service":"default-service-name","timestamp":"2026-01-22 15:24:00"}
{"level":"info","message":"Incoming request: GET /api/v1/clinic/specialists","service":"default-service-name","timestamp":"2026-01-22 15:24:04"}
{"level":"info","message":"Incoming request: DELETE /api/v1/clinic/specialists/cmkp8vuu70001tcgsf7lwch64","service":"default-service-name","timestamp":"2026-01-22 15:24:15"}
{"level":"info","message":"Incoming request: GET /api/v1/clinic/doctors","service":"default-service-name","timestamp":"2026-01-22 16:23:04"}
{"level":"info","message":"Incoming request: GET /api/v1/clinic/doctors","service":"default-service-name","timestamp":"2026-01-22 16:25:58"}
{"level":"info","message":"Incoming request: PATCH /api/v1/clinic/remove-clinic-doctor/cmkovq1sk0008ksw1x5s9msh7","service":"default-service-name","timestamp":"2026-01-22 16:26:16"}
{"level":"info","message":"Incoming request: GET /api/v1/clinic/doctors","service":"default-service-name","timestamp":"2026-01-22 16:27:49"}
{"level":"info","message":"Incoming request: PATCH /api/v1/clinic/remove-clinic-doctor/cmkovq1sk0008ksw1x5s9msh7","service":"default-service-name","timestamp":"2026-01-22 16:28:02"}
{"level":"info","message":"Incoming request: PATCH /api/v1/clinic/remove-clinic-doctor/cmkovq1sk0008ksw1x5s9msh7","service":"default-service-name","timestamp":"2026-01-22 16:29:19"}
{"level":"info","message":"Incoming request: PATCH /api/v1/clinic/remove-clinic-doctor/cmkovq1sk0008ksw1x5s9msh7","service":"default-service-name","timestamp":"2026-01-22 16:30:12"}
{"level":"info","message":"Incoming request: GET /api/v1/clinic/doctors","service":"default-service-name","timestamp":"2026-01-22 16:30:19"}
{"level":"info","message":"Incoming request: POST /api/v1/auth/send-otp","service":"default-service-name","timestamp":"2026-01-23 09:48:34"}
{"level":"info","message":"Incoming request: POST /api/v1/auth/send-otp","service":"default-service-name","timestamp":"2026-01-23 09:48:45"}
{"level":"info","message":"Incoming request: POST /api/v1/auth/send-otp","service":"default-service-name","timestamp":"2026-01-23 09:48:48"}
{"level":"info","message":"Incoming request: POST /api/v1/auth/send-otp","service":"default-service-name","timestamp":"2026-01-23 09:49:54"}
{"level":"info","message":"Incoming request: POST /api/v1/auth/send-otp","service":"default-service-name","timestamp":"2026-01-23 09:53:40"}
{"level":"info","message":"Incoming request: POST /api/v1/auth/send-otp","service":"default-service-name","timestamp":"2026-01-23 10:04:34"}
{"level":"info","message":"Incoming request: POST /api/v1/auth/send-otp","service":"default-service-name","timestamp":"2026-01-23 10:06:31"}
{"level":"info","message":"Incoming request: POST /api/v1/auth/send-otp","service":"default-service-name","timestamp":"2026-01-23 10:07:38"}
{"level":"info","message":"Incoming request: POST /api/v1/auth/send-otp","service":"default-service-name","timestamp":"2026-01-23 10:09:08"}
{"level":"info","message":"Incoming request: POST /api/v1/auth/send-otp","service":"default-service-name","timestamp":"2026-01-23 10:10:33"}
{"level":"info","message":"Incoming request: POST /api/v1/auth/send-otp","service":"default-service-name","timestamp":"2026-01-23 10:11:54"}
{"level":"info","message":"Incoming request: POST /api/v1/auth/send-otp","service":"default-service-name","timestamp":"2026-01-23 10:12:08"}
{"level":"info","message":"Incoming request: POST /api/v1/auth/send-otp","service":"default-service-name","timestamp":"2026-01-23 10:12:32"}
{"level":"info","message":"Incoming request: POST /api/v1/auth/verify-otp","service":"default-service-name","timestamp":"2026-01-23 10:13:22"}
{"level":"info","message":"Incoming request: POST /api/v1/auth/send-otp","service":"default-service-name","timestamp":"2026-01-23 10:14:03"}
{"level":"info","message":"Incoming request: POST /api/v1/auth/send-otp","service":"default-service-name","timestamp":"2026-01-23 10:14:27"}
{"level":"info","message":"Incoming request: POST /api/v1/auth/send-otp","service":"default-service-name","timestamp":"2026-01-23 10:15:19"}
{"level":"info","message":"Incoming request: POST /api/v1/auth/send-otp","service":"default-service-name","timestamp":"2026-01-23 10:15:46"}
{"level":"info","message":"Incoming request: POST /api/v1/auth/send-otp","service":"default-service-name","timestamp":"2026-01-23 10:18:39"}
{"level":"info","message":"Incoming request: POST /api/v1/auth/send-otp","service":"default-service-name","timestamp":"2026-01-23 10:22:45"}
{"level":"info","message":"Incoming request: POST /api/v1/auth/verify-otp","service":"default-service-name","timestamp":"2026-01-23 10:23:13"}
{"level":"info","message":"Incoming request: POST /api/v1/auth/send-otp","service":"default-service-name","timestamp":"2026-01-23 10:26:28"}
{"level":"info","message":"Incoming request: POST /api/v1/auth/verify-otp","service":"default-service-name","timestamp":"2026-01-23 10:27:13"}
{"level":"info","message":"Incoming request: POST /api/v1/auth/verify-otp","service":"default-service-name","timestamp":"2026-01-23 10:32:24"}
{"level":"info","message":"Incoming request: POST /api/v1/auth/send-otp","service":"default-service-name","timestamp":"2026-01-23 10:32:33"}
{"level":"info","message":"Incoming request: POST /api/v1/auth/verify-otp","service":"default-service-name","timestamp":"2026-01-23 10:33:08"}
{"level":"info","message":"Incoming request: POST /api/v1/auth/send-otp","service":"default-service-name","timestamp":"2026-01-23 10:34:49"}
{"level":"info","message":"Incoming request: POST /api/v1/auth/send-otp","service":"default-service-name","timestamp":"2026-01-23 10:35:20"}
{"level":"info","message":"Incoming request: POST /api/v1/auth/verify-otp","service":"default-service-name","timestamp":"2026-01-23 10:36:52"}
{"level":"info","message":"Incoming request: GET /favicon.ico","service":"default-service-name","timestamp":"2026-01-23 12:25:12"}
{"level":"info","message":"Incoming request: POST /api/v1/auth/send-otp","service":"default-service-name","timestamp":"2026-01-23 12:36:49"}
{"level":"info","message":"Incoming request: POST /api/v1/patient-platform-subscription/create-or-update","service":"default-service-name","timestamp":"2026-01-23 16:48:17"}
{"level":"info","message":"Incoming request: POST /api/v1/patient-platform-subscription/create-or-update","service":"default-service-name","timestamp":"2026-01-23 16:49:01"}
{"level":"info","message":"Incoming request: GET /api/v1/patient-platform-subscription/","service":"default-service-name","timestamp":"2026-01-23 16:49:34"}
{"level":"info","message":"Incoming request: GET /api/v1/patient-platform-subscription/EGYPT","service":"default-service-name","timestamp":"2026-01-23 16:50:13"}
{"level":"info","message":"Incoming request: GET /api/v1/patient-platform-subscription/EGYPT","service":"default-service-name","timestamp":"2026-01-23 16:50:34"}
{"level":"info","message":"Incoming request: POST /api/v1/clinic-platform-subscription/create-or-update","service":"default-service-name","timestamp":"2026-01-23 16:51:41"}
{"level":"info","message":"Incoming request: POST /api/v1/clinic-platform-subscription/create-or-update","service":"default-service-name","timestamp":"2026-01-23 16:51:46"}
{"level":"info","message":"Incoming request: POST /api/v1/clinic-platform-subscription/create-or-update","service":"default-service-name","timestamp":"2026-01-23 16:51:54"}
{"level":"info","message":"Incoming request: POST /api/v1/clinic-platform-subscription/create-or-update","service":"default-service-name","timestamp":"2026-01-23 16:52:02"}
{"level":"info","message":"Incoming request: GET /api/v1/clinic-platform-subscription/","service":"default-service-name","timestamp":"2026-01-23 16:52:24"}
{"level":"info","message":"Incoming request: GET /api/v1/clinic-platform-subscription/EGYPT","service":"default-service-name","timestamp":"2026-01-23 16:52:33"}
{"level":"info","message":"Incoming request: GET /api/v1/clinic-platform-subscription/LIBYA","service":"default-service-name","timestamp":"2026-01-23 16:52:45"}
{"level":"info","message":"Incoming request: DELETE /api/v1/patient-platform-subscription/EGYPT","service":"default-service-name","timestamp":"2026-01-23 17:09:48"}
{"level":"info","message":"Incoming request: GET /api/v1/patient-platform-subscription/","service":"default-service-name","timestamp":"2026-01-23 17:09:54"}
{"level":"info","message":"Incoming request: DELETE /api/v1/clinic-platform-subscription/LIBYA","service":"default-service-name","timestamp":"2026-01-23 17:10:36"}
{"level":"info","message":"Incoming request: GET /api/v1/clinic-platform-subscription/","service":"default-service-name","timestamp":"2026-01-23 17:10:41"}
{"level":"info","message":"Incoming request: POST /api/v1/clinic-platform-subscription/create-or-update","service":"default-service-name","timestamp":"2026-01-23 17:10:45"}
{"level":"info","message":"Incoming request: GET /api/v1/patient/clinics/nearest","service":"default-service-name","timestamp":"2026-01-23 17:24:34"}
{"level":"info","message":"Incoming request: GET /api/v1/patient/clinics/cmk27vt0d000e5wu4sslco3j6","service":"default-service-name","timestamp":"2026-01-23 17:26:20"}
{"level":"info","message":"Incoming request: GET /api/v1/patient/clinics/cmk3gfvqc00025w2esra7tex2","service":"default-service-name","timestamp":"2026-01-23 17:26:38"}
{"level":"info","message":"Incoming request: GET /api/v1/patient/clinics/cmkowkvdu000cksw15iws7zdi","service":"default-service-name","timestamp":"2026-01-23 17:26:59"}
{"level":"info","message":"Incoming request: GET /api/v1/clinic/","service":"default-service-name","timestamp":"2026-01-23 17:28:43"}
{"level":"info","message":"Incoming request: PATCH /api/v1/clinic/update-info","service":"default-service-name","timestamp":"2026-01-23 17:29:04"}
{"level":"info","message":"Incoming request: GET /api/v1/clinic/info","service":"default-service-name","timestamp":"2026-01-23 17:29:25"}
{"level":"info","message":"Incoming request: POST /api/v1/payment/withdraw-payment","service":"default-service-name","timestamp":"2026-01-23 17:59:19"}
{"level":"info","message":"Incoming request: POST /api/v1/payment/patient-platform-subscription","service":"default-service-name","timestamp":"2026-01-23 18:02:42"}
{"level":"info","message":"Incoming request: POST /api/v1/payment/clinic-platform-subscription","service":"default-service-name","timestamp":"2026-01-23 18:16:26"}
{"level":"info","message":"Incoming request: POST /api/v1/payment/clinic-platform-subscription","service":"default-service-name","timestamp":"2026-01-23 18:17:34"}
{"level":"info","message":"Incoming request: POST /api/v1/payment/patient-top-up","service":"default-service-name","timestamp":"2026-01-23 18:17:56"}
{"level":"info","message":"Incoming request: POST /api/v1/payment/patient-platform-subscription","service":"default-service-name","timestamp":"2026-01-23 18:18:37"}
{"level":"info","message":"Incoming request: POST /api/v1/payment/patient-platform-subscription","service":"default-service-name","timestamp":"2026-01-23 18:18:47"}
{"level":"info","message":"Incoming request: POST /api/v1/payment/patient-top-up","service":"default-service-name","timestamp":"2026-01-23 18:40:27"}
{"level":"info","message":"Incoming request: POST /api/v1/payment/patient-platform-subscription","service":"default-service-name","timestamp":"2026-01-23 18:40:35"}
{"level":"info","message":"Incoming request: POST /api/v1/payment/clinic-platform-subscription","service":"default-service-name","timestamp":"2026-01-23 18:41:37"}
{"level":"info","message":"Incoming request: POST /api/v1/payment/clinic-platform-subscription","service":"default-service-name","timestamp":"2026-01-23 18:41:52"}
{"level":"info","message":"Incoming request: POST /api/v1/payment/clinic-platform-subscription","service":"default-service-name","timestamp":"2026-01-23 18:42:34"}
{"level":"info","message":"Incoming request: POST /api/v1/payment/clinic-platform-subscription","service":"default-service-name","timestamp":"2026-01-23 18:42:41"}
{"level":"info","message":"Incoming request: POST /api/v1/payment/platform-subscription","service":"default-service-name","timestamp":"2026-01-23 19:11:33"}
{"level":"info","message":"Incoming request: GET /api/v1/payment/platform-subscription","service":"default-service-name","timestamp":"2026-01-23 19:11:38"}
{"level":"info","message":"Incoming request: GET /api/v1/patient-platform-subscription/platform-subscription","service":"default-service-name","timestamp":"2026-01-23 19:12:31"}
{"level":"info","message":"Incoming request: GET /api/v1/patient-platform-subscription/platform-subscription","service":"default-service-name","timestamp":"2026-01-23 19:13:30"}
{"level":"info","message":"Incoming request: GET /api/v1/patient-platform-subscription/platform-subscription","service":"default-service-name","timestamp":"2026-01-23 19:13:37"}
{"level":"info","message":"Incoming request: GET /api/v1/patient-platform-subscription/platform-subscription","service":"default-service-name","timestamp":"2026-01-23 19:14:03"}
{"level":"info","message":"Incoming request: GET /api/v1/patient-platform-subscription/platform-subscription","service":"default-service-name","timestamp":"2026-01-23 19:20:36"}
{"level":"info","message":"Incoming request: GET /api/v1/clinic/info","service":"default-service-name","timestamp":"2026-01-23 19:21:42"}
{"level":"info","message":"Incoming request: GET /api/v1/clinic/info","service":"default-service-name","timestamp":"2026-01-23 19:22:50"}
{"level":"info","message":"Incoming request: GET /api/v1/clinic/info","service":"default-service-name","timestamp":"2026-01-23 19:24:57"}
{"level":"info","message":"Incoming request: GET /api/v1/patient-platform-subscription/platform-subscription","service":"default-service-name","timestamp":"2026-01-23 19:28:59"}
{"level":"info","message":"Incoming request: GET /api/v1/patient-platform-subscription/platform-subscription","service":"default-service-name","timestamp":"2026-01-23 19:29:06"}
{"level":"info","message":"Incoming request: GET /api/v1/patient-platform-subscription/platform-subscription","service":"default-service-name","timestamp":"2026-01-23 19:31:28"}
{"level":"info","message":"Incoming request: GET /api/v1/patient-platform-subscription/platform-subscription","service":"default-service-name","timestamp":"2026-01-23 19:33:19"}
{"level":"info","message":"Incoming request: GET /api/v1/patient-platform-subscription/platform-subscription","service":"default-service-name","timestamp":"2026-01-23 19:34:25"}
{"level":"info","message":"Incoming request: GET /api/v1/patient-platform-subscription/platform-subscription","service":"default-service-name","timestamp":"2026-01-23 19:35:30"}
{"level":"info","message":"Incoming request: GET /api/v1/payment/platform-subscription","service":"default-service-name","timestamp":"2026-01-23 19:38:39"}
{"level":"info","message":"Incoming request: GET /api/v1/payment/platform-subscription","service":"default-service-name","timestamp":"2026-01-23 19:41:19"}
{"level":"info","message":"Incoming request: GET /api/v1/clinic-platform-subscription/","service":"default-service-name","timestamp":"2026-01-23 19:42:07"}
{"level":"info","message":"Incoming request: POST /api/v1/clinic-platform-subscription/create-or-update","service":"default-service-name","timestamp":"2026-01-23 19:42:19"}
{"level":"info","message":"Incoming request: GET /api/v1/payment/platform-subscription","service":"default-service-name","timestamp":"2026-01-23 19:42:26"}
{"level":"info","message":"Incoming request: GET /api/v1/subscription/webhooks/stripe","service":"default-service-name","timestamp":"2026-01-23 22:29:39"}
{"level":"info","message":"Incoming request: GET /api/v1/subscription/webhooks/stripe","service":"default-service-name","timestamp":"2026-01-23 22:29:46"}
{"level":"info","message":"Incoming request: GET /api/v1/subscription/webhooks/stripe","service":"default-service-name","timestamp":"2026-01-23 22:29:51"}
{"level":"info","message":"Incoming request: POST /api/v1/auth/send-otp","service":"default-service-name","timestamp":"2026-01-24 09:28:47"}
{"level":"info","message":"Incoming request: GET /api/v1/payment/platform-subscription","service":"default-service-name","timestamp":"2026-01-24 10:10:05"}
{"level":"info","message":"Incoming request: GET /api/v1/payment/platform-subscription","service":"default-service-name","timestamp":"2026-01-24 10:16:37"}
{"level":"info","message":"Incoming request: GET /api/v1/payment/platform-subscription","service":"default-service-name","timestamp":"2026-01-24 10:16:42"}
{"level":"info","message":"Incoming request: GET /api/v1/payment/platform-subscription","service":"default-service-name","timestamp":"2026-01-24 10:16:43"}
{"level":"info","message":"Incoming request: GET /api/v1/patient-platform-subscription/","service":"default-service-name","timestamp":"2026-01-24 10:17:00"}
{"level":"info","message":"Incoming request: GET /api/v1/payment/platform-subscription","service":"default-service-name","timestamp":"2026-01-24 10:19:30"}
{"level":"info","message":"Incoming request: GET /api/v1/payment/platform-subscription","service":"default-service-name","timestamp":"2026-01-24 10:19:33"}
{"level":"info","message":"Incoming request: POST /api/v1/auth/send-otp","service":"default-service-name","timestamp":"2026-01-24 11:51:36"}
{"level":"info","message":"Incoming request: POST /api/v1/auth/send-otp","service":"default-service-name","timestamp":"2026-01-24 11:51:39"}
{"level":"info","message":"Incoming request: POST /api/v1/auth/verify-otp","service":"default-service-name","timestamp":"2026-01-24 11:52:10"}
{"level":"info","message":"Incoming request: POST /api/v1/payment/clinic-platform-subscription","service":"default-service-name","timestamp":"2026-01-24 12:22:02"}
{"level":"info","message":"Incoming request: GET /api/v1/payment/platform-subscription","service":"default-service-name","timestamp":"2026-01-24 12:22:14"}
{"level":"info","message":"Incoming request: GET /api/v1/clinic-platform-subscription/","service":"default-service-name","timestamp":"2026-01-24 12:24:14"}
{"level":"info","message":"Incoming request: GET /api/v1/payment/patient-platform-subscription","service":"default-service-name","timestamp":"2026-01-24 12:27:31"}
{"level":"info","message":"Incoming request: GET /api/v1/payment/patient-platform-subscription","service":"default-service-name","timestamp":"2026-01-24 12:29:40"}
{"level":"info","message":"Incoming request: GET /api/v1/payment/clinic-platform-subscription","service":"default-service-name","timestamp":"2026-01-24 12:29:51"}
{"level":"info","message":"Incoming request: GET /api/v1/payment/clinic-platform-subscription","service":"default-service-name","timestamp":"2026-01-24 12:30:22"}
{"level":"info","message":"Incoming request: GET /api/v1/payment/clinic-platform-subscription","service":"default-service-name","timestamp":"2026-01-24 12:31:15"}
{"level":"info","message":"Incoming request: GET /api/v1/clinic/info","service":"default-service-name","timestamp":"2026-01-24 12:31:37"}
{"level":"info","message":"Incoming request: PATCH /api/v1/clinic/update-info","service":"default-service-name","timestamp":"2026-01-24 12:32:03"}
{"level":"info","message":"Incoming request: GET /api/v1/payment/clinic-platform-subscription","service":"default-service-name","timestamp":"2026-01-24 12:32:17"}
{"level":"info","message":"Incoming request: GET /api/v1/payment/clinic-platform-subscription","service":"default-service-name","timestamp":"2026-01-24 12:32:21"}
{"level":"info","message":"Incoming request: GET /api/v1/payment/patient-platform-subscription","service":"default-service-name","timestamp":"2026-01-24 12:33:11"}
{"level":"info","message":"Incoming request: GET /api/v1/payment/patient-platform-subscription","service":"default-service-name","timestamp":"2026-01-24 12:34:05"}
{"level":"info","message":"Incoming request: GET /api/v1/payment/patient-platform-subscription","service":"default-service-name","timestamp":"2026-01-24 12:34:43"}
{"level":"info","message":"Incoming request: GET /api/v1/payment/patient-platform-subscription","service":"default-service-name","timestamp":"2026-01-24 12:36:18"}
{"level":"info","message":"Incoming request: GET /api/v1/payment/clinic-platform-subscription","service":"default-service-name","timestamp":"2026-01-24 12:38:11"}
{"level":"info","message":"Incoming request: POST /api/v1/clinic-platform-subscription/create-or-update","service":"default-service-name","timestamp":"2026-01-24 12:38:55"}
{"level":"info","message":"Incoming request: GET /api/v1/payment/clinic-platform-subscription","service":"default-service-name","timestamp":"2026-01-24 12:39:01"}
{"level":"info","message":"Incoming request: GET /api/v1/payment/clinic-platform-subscription","service":"default-service-name","timestamp":"2026-01-24 12:40:01"}
{"level":"info","message":"Incoming request: POST /api/v1/clinic-platform-subscription/create-or-update","service":"default-service-name","timestamp":"2026-01-24 12:40:27"}
{"level":"info","message":"Incoming request: POST /api/v1/clinic-platform-subscription/create-or-update","service":"default-service-name","timestamp":"2026-01-24 12:40:44"}
{"level":"info","message":"Incoming request: GET /api/v1/payment/clinic-platform-subscription","service":"default-service-name","timestamp":"2026-01-24 12:40:53"}
{"level":"info","message":"Incoming request: GET /api/v1/clinic-platform-subscription/","service":"default-service-name","timestamp":"2026-01-24 12:41:18"}
{"level":"info","message":"Incoming request: GET /api/v1/payment/clinic-platform-subscription","service":"default-service-name","timestamp":"2026-01-24 12:42:21"}
{"level":"info","message":"Incoming request: GET /api/v1/payment/clinic-platform-subscription","service":"default-service-name","timestamp":"2026-01-24 12:42:55"}
{"level":"info","message":"Incoming request: POST /api/v1/auth/send-otp","service":"default-service-name","timestamp":"2026-01-24 16:25:55"}
{"level":"info","message":"Incoming request: POST /api/v1/auth/send-otp","service":"default-service-name","timestamp":"2026-01-24 16:26:13"}
{"level":"info","message":"Incoming request: POST /api/v1/auth/verify-otp","service":"default-service-name","timestamp":"2026-01-24 16:27:01"}
{"level":"info","message":"Incoming request: POST /api/v1/patient-platform-subscription/create-or-update","service":"default-service-name","timestamp":"2026-01-26 14:51:43"}
{"level":"info","message":"Incoming request: POST /api/v1/patient-platform-subscription/create-or-update","service":"default-service-name","timestamp":"2026-01-26 14:51:48"}
{"level":"info","message":"Incoming request: POST /api/v1/patient-platform-subscription/create-or-update","service":"default-service-name","timestamp":"2026-01-27 08:55:39"}
{"level":"info","message":"Incoming request: POST /api/v1/patient-platform-subscription/create-or-update","service":"default-service-name","timestamp":"2026-01-27 08:58:20"}
{"level":"info","message":"Incoming request: POST /api/v1/patient-platform-subscription/create-or-update","service":"default-service-name","timestamp":"2026-01-27 08:58:26"}
{"level":"info","message":"Incoming request: POST /api/v1/patient-platform-subscription/create-or-update","service":"default-service-name","timestamp":"2026-01-27 08:58:29"}
{"level":"info","message":"Incoming request: POST /api/v1/patient-platform-subscription/create-or-update","service":"default-service-name","timestamp":"2026-01-27 08:58:47"}
{"level":"info","message":"Incoming request: POST /api/v1/patient-platform-subscription/create-or-update","service":"default-service-name","timestamp":"2026-01-27 08:58:57"}
{"level":"info","message":"Incoming request: POST /api/v1/patient-platform-subscription/create-or-update","service":"default-service-name","timestamp":"2026-01-27 08:59:16"}
{"level":"info","message":"Incoming request: POST /api/v1/patient-platform-subscription/create-or-update","service":"default-service-name","timestamp":"2026-01-27 09:39:55"}
{"level":"info","message":"Incoming request: POST /api/v1/patient-platform-subscription/create-or-update","service":"default-service-name","timestamp":"2026-01-27 09:57:58"}
{"level":"info","message":"Incoming request: POST /api/v1/patient-platform-subscription/create-or-update","service":"default-service-name","timestamp":"2026-01-27 10:03:05"}
{"level":"info","message":"Incoming request: POST /api/v1/patient-platform-subscription/create-or-update","service":"default-service-name","timestamp":"2026-01-27 10:04:32"}
{"level":"info","message":"Incoming request: POST /api/v1/patient-platform-subscription/create-or-update","service":"default-service-name","timestamp":"2026-01-27 10:04:54"}
{"level":"info","message":"Incoming request: POST /api/v1/patient-platform-subscription/create-or-update","service":"default-service-name","timestamp":"2026-01-27 10:15:29"}
{"level":"info","message":"Incoming request: POST /api/v1/patient-platform-subscription/create-or-update","service":"default-service-name","timestamp":"2026-01-27 10:21:20"}
{"level":"info","message":"Incoming request: POST /api/v1/patient-platform-subscription/create-or-update","service":"default-service-name","timestamp":"2026-01-27 10:27:35"}
{"level":"info","message":"Incoming request: GET /api/v1/patient-platform-subscription/","service":"default-service-name","timestamp":"2026-01-27 10:27:54"}
{"level":"info","message":"Incoming request: POST /api/v1/patient-platform-subscription/create-or-update","service":"default-service-name","timestamp":"2026-01-27 10:28:14"}
{"level":"info","message":"Incoming request: POST /api/v1/patient-platform-subscription/create-or-update","service":"default-service-name","timestamp":"2026-01-27 10:28:34"}
{"level":"info","message":"Incoming request: POST /api/v1/patient-platform-subscription/create-or-update","service":"default-service-name","timestamp":"2026-01-27 10:28:54"}
{"level":"info","message":"Incoming request: GET /api/v1/patient-platform-subscription/EGYPT","service":"default-service-name","timestamp":"2026-01-27 10:39:30"}
{"level":"info","message":"Incoming request: GET /api/v1/patient-platform-subscription/","service":"default-service-name","timestamp":"2026-01-27 10:39:41"}
{"level":"info","message":"Incoming request: POST /api/v1/payment/patient-platform-subscription","service":"default-service-name","timestamp":"2026-01-27 10:40:39"}
{"level":"info","message":"Incoming request: POST /api/v1/auth/send-otp","service":"default-service-name","timestamp":"2026-01-27 10:40:57"}
{"level":"info","message":"Incoming request: POST /api/v1/payment/patient-platform-subscription","service":"default-service-name","timestamp":"2026-01-27 10:43:00"}
{"level":"info","message":"Incoming request: GET /api/v1/patient-platform-subscription/","service":"default-service-name","timestamp":"2026-01-27 10:43:13"}
{"level":"info","message":"Incoming request: POST /api/v1/payment/patient-platform-subscription","service":"default-service-name","timestamp":"2026-01-27 10:43:30"}
{"level":"info","message":"Incoming request: POST /api/v1/payment/patient-platform-subscription","service":"default-service-name","timestamp":"2026-01-27 10:51:59"}
{"level":"info","message":"Incoming request: POST /api/v1/clinic-platform-subscription/create-or-update","service":"default-service-name","timestamp":"2026-01-27 11:06:02"}
{"level":"info","message":"Incoming request: POST /api/v1/clinic-platform-subscription/create-or-update","service":"default-service-name","timestamp":"2026-01-27 11:07:19"}
{"level":"info","message":"Incoming request: POST /api/v1/clinic-platform-subscription/create-or-update","service":"default-service-name","timestamp":"2026-01-27 11:09:54"}
{"level":"info","message":"Incoming request: POST /api/v1/clinic-platform-subscription/create-or-update","service":"default-service-name","timestamp":"2026-01-27 11:10:11"}
{"level":"info","message":"Incoming request: POST /api/v1/clinic-platform-subscription/create-or-update","service":"default-service-name","timestamp":"2026-01-27 11:10:31"}
{"level":"info","message":"Incoming request: POST /api/v1/clinic-platform-subscription/create-or-update","service":"default-service-name","timestamp":"2026-01-27 11:10:47"}
{"level":"info","message":"Incoming request: POST /api/v1/clinic-platform-subscription/create-or-update","service":"default-service-name","timestamp":"2026-01-27 11:11:03"}
{"level":"info","message":"Incoming request: POST /api/v1/clinic-platform-subscription/create-or-update","service":"default-service-name","timestamp":"2026-01-27 11:11:12"}
{"level":"info","message":"Incoming request: POST /api/v1/clinic-platform-subscription/create-or-update","service":"default-service-name","timestamp":"2026-01-27 11:11:24"}
{"level":"info","message":"Incoming request: POST /api/v1/clinic-platform-subscription/create-or-update","service":"default-service-name","timestamp":"2026-01-27 11:11:35"}
{"level":"info","message":"Incoming request: GET /api/v1/clinic-platform-subscription/","service":"default-service-name","timestamp":"2026-01-27 11:12:03"}
{"level":"info","message":"Incoming request: POST /api/v1/payment/clinic-platform-subscription","service":"default-service-name","timestamp":"2026-01-27 11:21:16"}
{"level":"info","message":"Incoming request: POST /api/v1/payment/clinic-platform-subscription","service":"default-service-name","timestamp":"2026-01-27 11:22:02"}
{"level":"info","message":"Incoming request: GET /api/v1/admin/get-clinic?page=1&limit=2","service":"default-service-name","timestamp":"2026-01-27 11:30:22"}
{"level":"info","message":"Incoming request: GET /api/v1/admin/get-clinic?page=1","service":"default-service-name","timestamp":"2026-01-27 11:30:29"}
{"level":"info","message":"Incoming request: GET /api/v1/admin/get-clinic?adminVerified=false","service":"default-service-name","timestamp":"2026-01-27 11:30:49"}
{"level":"info","message":"Incoming request: GET /api/v1/admin/get-clinic","service":"default-service-name","timestamp":"2026-01-27 11:30:55"}
{"level":"info","message":"Incoming request: GET /api/v1/admin/get-clinic?adminVerified=false","service":"default-service-name","timestamp":"2026-01-27 11:31:08"}
{"level":"info","message":"Incoming request: PATCH /api/v1/admin/clinic-verified/cmkrx9g61000mksprj6wsu3uo","service":"default-service-name","timestamp":"2026-01-27 11:31:35"}
{"level":"info","message":"Incoming request: GET /api/v1/admin/get-clinic?adminVerified=false","service":"default-service-name","timestamp":"2026-01-27 11:31:44"}
{"level":"info","message":"Incoming request: GET /api/v1/admin/get-clinic?search=Libya","service":"default-service-name","timestamp":"2026-01-27 11:32:02"}
{"level":"info","message":"Incoming request: GET /api/v1/admin/get-clinic?search=Libyw","service":"default-service-name","timestamp":"2026-01-27 11:32:17"}
{"level":"info","message":"Incoming request: GET /api/v1/admin/get-clinic?search=Libywf","service":"default-service-name","timestamp":"2026-01-27 11:32:26"}
{"level":"info","message":"Incoming request: GET /api/v1/admin/get-clinic","service":"default-service-name","timestamp":"2026-01-27 11:32:30"}
{"level":"info","message":"Incoming request: GET /api/v1/admin/get-clinic","service":"default-service-name","timestamp":"2026-01-27 11:34:32"}
{"level":"info","message":"Incoming request: GET /api/v1/admin/get-clinic?search=dasdasd","service":"default-service-name","timestamp":"2026-01-27 11:34:45"}
{"level":"info","message":"Incoming request: GET /api/v1/admin/get-clinic?search=dasdasd","service":"default-service-name","timestamp":"2026-01-27 11:35:00"}
{"level":"info","message":"Incoming request: GET /api/v1/admin/get-clinic?search=dasdasd","service":"default-service-name","timestamp":"2026-01-27 11:35:07"}
{"level":"info","message":"Incoming request: GET /api/v1/admin/get-clinic?search=dasdasd","service":"default-service-name","timestamp":"2026-01-27 11:35:35"}
{"level":"info","message":"Incoming request: GET /api/v1/admin/get-clinic?searchTerm=dasdasd","service":"default-service-name","timestamp":"2026-01-27 11:35:44"}
{"level":"info","message":"Incoming request: GET /api/v1/admin/get-clinic?searchTerm=dasdasddfdsffs","service":"default-service-name","timestamp":"2026-01-27 11:36:43"}
{"level":"info","message":"Incoming request: GET /api/v1/admin/get-clinic?searchTerm=","service":"default-service-name","timestamp":"2026-01-27 11:36:49"}
{"level":"info","message":"Incoming request: GET /api/v1/admin/get-clinic?searchTerm=Khalifa","service":"default-service-name","timestamp":"2026-01-27 11:36:58"}
{"level":"info","message":"Incoming request: GET /api/v1/admin/get-clinic?searchTerm=Khalifa","service":"default-service-name","timestamp":"2026-01-27 11:37:01"}
{"level":"info","message":"Incoming request: GET /api/v1/admin/get-clinic","service":"default-service-name","timestamp":"2026-01-27 11:37:05"}
{"level":"info","message":"Incoming request: GET /api/v1/admin/get-clinic?searchTerm=Khalifa","service":"default-service-name","timestamp":"2026-01-27 11:39:34"}
{"level":"info","message":"Incoming request: GET /api/v1/admin/get-clinic","service":"default-service-name","timestamp":"2026-01-27 11:39:42"}
{"level":"info","message":"Incoming request: GET /api/v1/admin/get-clinic?searchTerm=Hossain","service":"default-service-name","timestamp":"2026-01-27 11:40:03"}
{"level":"info","message":"Incoming request: GET /api/v1/admin/get-clinic","service":"default-service-name","timestamp":"2026-01-27 11:40:09"}
{"level":"info","message":"Incoming request: GET /api/v1/admin/get-clinic?searchTerm=+218935767567","service":"default-service-name","timestamp":"2026-01-27 11:40:19"}
{"level":"info","message":"Incoming request: GET /api/v1/admin/get-clinic","service":"default-service-name","timestamp":"2026-01-27 11:40:24"}
{"level":"info","message":"Incoming request: GET /api/v1/admin/get-clinic?searchTerm=+218935767567","service":"default-service-name","timestamp":"2026-01-27 11:40:48"}
{"level":"info","message":"Incoming request: GET /api/v1/admin/get-clinic","service":"default-service-name","timestamp":"2026-01-27 11:40:52"}
{"level":"info","message":"Incoming request: GET /api/v1/admin/get-clinic?searchTerm=+218935767567","service":"default-service-name","timestamp":"2026-01-27 11:41:12"}
{"level":"info","message":"Incoming request: GET /api/v1/admin/get-clinic","service":"default-service-name","timestamp":"2026-01-27 11:41:20"}
{"level":"info","message":"Incoming request: GET /api/v1/admin/get-clinic?searchTerm=dasdasd","service":"default-service-name","timestamp":"2026-01-27 11:41:36"}
{"level":"info","message":"Incoming request: GET /api/v1/admin/get-clinic","service":"default-service-name","timestamp":"2026-01-27 11:41:39"}
{"level":"info","message":"Incoming request: GET /api/v1/admin/get-clinic?searchTerm=Libya","service":"default-service-name","timestamp":"2026-01-27 11:42:01"}
{"level":"info","message":"Incoming request: GET /api/v1/admin/get-clinic","service":"default-service-name","timestamp":"2026-01-27 11:42:12"}
{"level":"info","message":"Incoming request: GET /api/v1/admin/get-clinic?searchTerm=218935767567","service":"default-service-name","timestamp":"2026-01-27 11:43:14"}
{"level":"info","message":"Incoming request: GET /api/v1/admin/get-clinic","service":"default-service-name","timestamp":"2026-01-27 11:43:51"}
{"level":"info","message":"Incoming request: GET /api/v1/admin/get-clinic?searchTerm=asda","service":"default-service-name","timestamp":"2026-01-27 11:44:07"}
{"level":"info","message":"Incoming request: GET /api/v1/admin/get-clinic?searchTerm=asda","service":"default-service-name","timestamp":"2026-01-27 11:45:26"}
{"level":"info","message":"Incoming request: GET /api/v1/admin/get-clinic","service":"default-service-name","timestamp":"2026-01-27 11:45:33"}
{"level":"info","message":"Incoming request: GET /api/v1/admin/get-clinic?searchTerm=+218923423423","service":"default-service-name","timestamp":"2026-01-27 11:50:52"}
{"level":"info","message":"Incoming request: GET /api/v1/admin/get-clinic","service":"default-service-name","timestamp":"2026-01-27 11:50:56"}
{"level":"info","message":"Incoming request: GET /api/v1/admin/get-clinic?searchTerm=+218935767567","service":"default-service-name","timestamp":"2026-01-27 11:51:09"}
{"level":"info","message":"Incoming request: GET /api/v1/admin/get-clinic","service":"default-service-name","timestamp":"2026-01-27 11:51:14"}
{"level":"info","message":"Incoming request: GET /api/v1/admin/get-clinic?searchTerm=asdasd@gmail.com","service":"default-service-name","timestamp":"2026-01-27 11:51:25"}
{"level":"info","message":"Incoming request: GET /api/v1/admin/get-clinic","service":"default-service-name","timestamp":"2026-01-27 11:51:38"}
{"level":"info","message":"Incoming request: GET /api/v1/admin/get-clinic?searchTerm=+218935767567","service":"default-service-name","timestamp":"2026-01-27 11:51:46"}
{"level":"info","message":"Incoming request: GET /api/v1/admin/get-clinic","service":"default-service-name","timestamp":"2026-01-27 11:51:50"}
{"level":"info","message":"Incoming request: GET /api/v1/admin/get-clinic?searchTerm=+218935767567","service":"default-service-name","timestamp":"2026-01-27 11:52:11"}
{"level":"info","message":"Incoming request: GET /api/v1/admin/get-clinic?searchTerm=+218935767567","service":"default-service-name","timestamp":"2026-01-27 11:52:27"}
{"level":"info","message":"Incoming request: GET /api/v1/admin/get-clinic?searchTerm=","service":"default-service-name","timestamp":"2026-01-27 11:52:59"}
{"level":"info","message":"Incoming request: GET /api/v1/admin/get-clinic?searchTerm=","service":"default-service-name","timestamp":"2026-01-27 11:53:26"}
{"level":"info","message":"Incoming request: GET /api/v1/admin/get-clinic?searchTerm=+218935767567","service":"default-service-name","timestamp":"2026-01-27 11:53:37"}
{"level":"info","message":"Incoming request: GET /api/v1/admin/get-clinic","service":"default-service-name","timestamp":"2026-01-27 11:53:43"}
{"level":"info","message":"Incoming request: GET /api/v1/admin/get-clinic?searchTerm=Libya","service":"default-service-name","timestamp":"2026-01-27 11:53:55"}
{"level":"info","message":"Incoming request: GET /api/v1/admin/get-clinic?searchTerm=Tripoli","service":"default-service-name","timestamp":"2026-01-27 11:54:11"}
{"level":"info","message":"Incoming request: GET /api/v1/admin/get-clinic","service":"default-service-name","timestamp":"2026-01-27 11:54:23"}
{"level":"info","message":"Incoming request: GET /api/v1/admin/get-clinic?searchTerm=Tripoli","service":"default-service-name","timestamp":"2026-01-27 11:59:09"}
{"level":"info","message":"Incoming request: GET /api/v1/admin/get-clinic","service":"default-service-name","timestamp":"2026-01-27 11:59:22"}
{"level":"info","message":"Incoming request: GET /api/v1/admin/get-clinic?searchTerm=+218923432423","service":"default-service-name","timestamp":"2026-01-27 11:59:29"}
{"level":"info","message":"Incoming request: GET /api/v1/admin/get-clinic","service":"default-service-name","timestamp":"2026-01-27 11:59:33"}
{"level":"info","message":"Incoming request: GET /api/v1/admin/get-clinic","service":"default-service-name","timestamp":"2026-01-27 11:59:52"}
{"level":"info","message":"Incoming request: GET /api/v1/admin/get-clinic?searchTerm=Mooneise","service":"default-service-name","timestamp":"2026-01-27 11:59:57"}
{"level":"info","message":"Incoming request: GET /api/v1/admin/get-clinic?searchTerm=Dr","service":"default-service-name","timestamp":"2026-01-27 12:01:01"}
{"level":"info","message":"Incoming request: GET /api/v1/admin/get-clinic?searchTerm=Dr%20Arafat","service":"default-service-name","timestamp":"2026-01-27 12:01:11"}
{"level":"info","message":"Incoming request: GET /api/v1/admin/get-clinic?searchTerm=Dr.%20Arafat","service":"default-service-name","timestamp":"2026-01-27 12:01:20"}
{"level":"info","message":"Incoming request: GET /api/v1/admin/get-clinic?searchTerm=We%20provide","service":"default-service-name","timestamp":"2026-01-27 12:01:49"}
{"level":"info","message":"Incoming request: GET /api/v1/admin/get-clinic?searchTerm=+218942342342","service":"default-service-name","timestamp":"2026-01-27 12:02:20"}
{"level":"info","message":"Incoming request: GET /api/v1/admin/get-clinic?searchTerm=+218942342342","service":"default-service-name","timestamp":"2026-01-27 12:04:15"}
{"level":"info","message":"Incoming request: GET /api/v1/admin/get-clinic?searchTerm=provide","service":"default-service-name","timestamp":"2026-01-27 12:04:48"}
{"level":"info","message":"Incoming request: GET /api/v1/admin/get-clinic?searchTerm=provide","service":"default-service-name","timestamp":"2026-01-27 12:05:09"}
{"level":"info","message":"Incoming request: GET /api/v1/admin/get-clinic?searchTerm=provide","service":"default-service-name","timestamp":"2026-01-27 12:05:28"}
{"level":"info","message":"Incoming request: GET /api/v1/admin/get-clinic","service":"default-service-name","timestamp":"2026-01-27 12:10:26"}
{"level":"info","message":"Incoming request: GET /api/v1/admin/get-clinic?searchTerm=Hossain","service":"default-service-name","timestamp":"2026-01-27 12:10:34"}
{"level":"info","message":"Incoming request: GET /api/v1/admin/get-clinic?searchTerm=hossain","service":"default-service-name","timestamp":"2026-01-27 12:11:06"}
{"level":"info","message":"Incoming request: GET /api/v1/admin/get-clinic?searchTerm=hossain","service":"default-service-name","timestamp":"2026-01-27 12:19:33"}
{"level":"info","message":"Incoming request: GET /api/v1/admin/get-clinic?searchTerm=hossain","service":"default-service-name","timestamp":"2026-01-27 12:20:47"}
{"level":"info","message":"Incoming request: GET /api/v1/admin/get-clinic?adminVerified=false&searchTerm=hossain","service":"default-service-name","timestamp":"2026-01-27 12:20:52"}
{"level":"info","message":"Incoming request: GET /api/v1/admin/get-clinic?adminVerified=false","service":"default-service-name","timestamp":"2026-01-27 12:20:57"}
{"level":"info","message":"Incoming request: GET /api/v1/admin/get-clinic?adminVerified=false","service":"default-service-name","timestamp":"2026-01-27 12:56:50"}
{"level":"info","message":"Incoming request: PATCH /api/v1/clinic/update-info","service":"default-service-name","timestamp":"2026-01-27 12:56:59"}
{"level":"info","message":"Incoming request: GET /api/v1/clinic/info","service":"default-service-name","timestamp":"2026-01-27 12:57:48"}
{"level":"info","message":"Incoming request: POST /api/v1/payment/clinic-platform-subscription","service":"default-service-name","timestamp":"2026-01-27 12:58:11"}
{"level":"info","message":"Incoming request: POST /api/v1/payment/clinic-platform-subscription","service":"default-service-name","timestamp":"2026-01-27 12:58:25"}
{"level":"info","message":"Incoming request: GET /api/v1/clinic/info","service":"default-service-name","timestamp":"2026-01-27 12:58:35"}
{"level":"info","message":"Incoming request: POST /api/v1/payment/clinic-platform-subscription","service":"default-service-name","timestamp":"2026-01-27 12:59:03"}
{"level":"info","message":"Incoming request: GET /api/v1/clinic/info","service":"default-service-name","timestamp":"2026-01-27 12:59:14"}
{"level":"info","message":"Incoming request: GET /api/v1/patient/profile","service":"default-service-name","timestamp":"2026-01-27 13:00:07"}
{"level":"info","message":"Incoming request: GET /api/v1/patient/profile","service":"default-service-name","timestamp":"2026-01-27 13:00:23"}
{"level":"info","message":"Incoming request: GET /api/v1/patient/profile","service":"default-service-name","timestamp":"2026-01-27 13:00:48"}
{"level":"info","message":"Incoming request: PATCH /api/v1/admin//patient-platform-subscription","service":"default-service-name","timestamp":"2026-01-27 14:22:00"}
{"level":"info","message":"Incoming request: GET /api/v1/admin//patient-platform-subscription","service":"default-service-name","timestamp":"2026-01-27 14:22:02"}
{"level":"info","message":"Incoming request: GET /api/v1/admin/patient-platform-subscription","service":"default-service-name","timestamp":"2026-01-27 14:22:52"}
{"level":"info","message":"Incoming request: GET /api/v1/admin/clinic-platform-subscription","service":"default-service-name","timestamp":"2026-01-27 14:23:30"}
{"level":"info","message":"Incoming request: GET /api/v1/admin/clinic-platform-subscription?page=1&limit=2","service":"default-service-name","timestamp":"2026-01-27 14:25:03"}
{"level":"info","message":"Incoming request: GET /api/v1/admin/patient-platform-subscription?page=1&limit=1","service":"default-service-name","timestamp":"2026-01-27 14:25:58"}
{"level":"info","message":"Incoming request: GET /api/v1/admin/patient-platform-subscription","service":"default-service-name","timestamp":"2026-01-27 14:26:06"}
{"level":"info","message":"Incoming request: GET /api/v1/admin/patient-platform-subscription?searchTerm=sdff","service":"default-service-name","timestamp":"2026-01-27 14:26:33"}
{"level":"info","message":"Incoming request: GET /api/v1/admin/patient-platform-subscription?searchTerm=sdffvd","service":"default-service-name","timestamp":"2026-01-27 14:26:40"}
{"level":"info","message":"Incoming request: GET /api/v1/admin/patient-platform-subscription?searchTerm=sd","service":"default-service-name","timestamp":"2026-01-27 14:26:47"}
{"level":"info","message":"Incoming request: GET /api/v1/admin/patient-platform-subscription?searchTerm=+218911111111","service":"default-service-name","timestamp":"2026-01-27 14:27:35"}
{"level":"info","message":"Incoming request: GET /api/v1/admin/patient-platform-subscription?searchTerm=+2189111","service":"default-service-name","timestamp":"2026-01-27 14:27:44"}
{"level":"info","message":"Incoming request: GET /api/v1/admin/patient-platform-subscription?searchTerm=","service":"default-service-name","timestamp":"2026-01-27 14:27:50"}
{"level":"info","message":"Incoming request: GET /api/v1/admin/patient-platform-subscription?searchTerm=2266565","service":"default-service-name","timestamp":"2026-01-27 14:27:56"}
{"level":"info","message":"Incoming request: GET /api/v1/admin/patient-platform-subscription","service":"default-service-name","timestamp":"2026-01-27 14:28:00"}
{"level":"info","message":"Incoming request: GET /api/v1/admin/patient-platform-subscription?searchTerm=Libya","service":"default-service-name","timestamp":"2026-01-27 14:28:14"}
{"level":"info","message":"Incoming request: GET /api/v1/admin/patient-platform-subscription?searchTerm=Maly","service":"default-service-name","timestamp":"2026-01-27 14:28:22"}
{"level":"info","message":"Incoming request: GET /api/v1/admin/patient-platform-subscription","service":"default-service-name","timestamp":"2026-01-27 14:28:29"}
{"level":"info","message":"Incoming request: GET /api/v1/admin/patient-platform-subscription","service":"default-service-name","timestamp":"2026-01-27 14:29:51"}
{"level":"info","message":"Incoming request: GET /api/v1/admin/patient-platform-subscription","service":"default-service-name","timestamp":"2026-01-27 14:31:04"}
{"level":"info","message":"Incoming request: GET /api/v1/admin/patient-platform-subscription","service":"default-service-name","timestamp":"2026-01-27 14:32:55"}
{"level":"info","message":"Incoming request: GET /api/v1/admin/patient-platform-subscription","service":"default-service-name","timestamp":"2026-01-27 14:34:07"}
{"level":"info","message":"Incoming request: GET /api/v1/admin/patient-platform-subscription","service":"default-service-name","timestamp":"2026-01-27 14:36:59"}
{"level":"info","message":"Incoming request: GET /api/v1/admin/clinic-platform-subscription?page=1&limit=2&searchTerm","service":"default-service-name","timestamp":"2026-01-27 14:41:19"}
{"level":"info","message":"Incoming request: GET /api/v1/admin/clinic-platform-subscription","service":"default-service-name","timestamp":"2026-01-27 14:41:36"}
{"level":"info","message":"Incoming request: GET /api/v1/admin/clinic-platform-subscription?page=1&limit=2","service":"default-service-name","timestamp":"2026-01-27 14:41:55"}
{"level":"info","message":"Incoming request: GET /api/v1/admin/clinic-platform-subscription?page=1&limit=2&searchTerm=fdfdsfsf","service":"default-service-name","timestamp":"2026-01-27 14:42:33"}
{"level":"info","message":"Incoming request: GET /api/v1/admin/clinic-platform-subscription?page=1&limit=2","service":"default-service-name","timestamp":"2026-01-27 14:42:41"}
{"level":"info","message":"Incoming request: GET /api/v1/prepaid-card/create","service":"default-service-name","timestamp":"2026-01-28 11:05:37"}
{"level":"info","message":"Incoming request: GET /api/v1/prepaid-card/create","service":"default-service-name","timestamp":"2026-01-28 11:05:56"}
{"level":"info","message":"Incoming request: GET /api/v1/prepaid-card/create","service":"default-service-name","timestamp":"2026-01-28 11:06:00"}
{"level":"info","message":"Incoming request: GET /api/v1/prepaid-card/create","service":"default-service-name","timestamp":"2026-01-28 11:06:08"}
{"level":"info","message":"Incoming request: GET /api/v1/prepaid-card/create","service":"default-service-name","timestamp":"2026-01-28 11:06:24"}
{"level":"info","message":"Incoming request: POST /api/v1/prepaid-card/create","service":"default-service-name","timestamp":"2026-01-28 11:06:46"}
{"level":"info","message":"Incoming request: POST /api/v1/prepaid-card/create","service":"default-service-name","timestamp":"2026-01-28 11:06:55"}
{"level":"info","message":"Incoming request: POST /api/v1/prepaid-card/create","service":"default-service-name","timestamp":"2026-01-28 11:07:02"}
{"level":"info","message":"Incoming request: POST /api/v1/prepaid-card/create","service":"default-service-name","timestamp":"2026-01-28 11:07:09"}
{"level":"info","message":"Incoming request: POST /api/v1/prepaid-card/create","service":"default-service-name","timestamp":"2026-01-28 11:07:14"}
{"level":"info","message":"Incoming request: POST /api/v1/prepaid-card/create","service":"default-service-name","timestamp":"2026-01-28 11:07:25"}
{"level":"info","message":"Incoming request: GET /api/v1/prepaid-card","service":"default-service-name","timestamp":"2026-01-28 11:08:23"}
{"level":"info","message":"Incoming request: GET /api/v1/prepaid-card?page=1&limit=2","service":"default-service-name","timestamp":"2026-01-28 11:08:47"}
{"level":"info","message":"Incoming request: GET /api/v1/prepaid-card?page=1","service":"default-service-name","timestamp":"2026-01-28 11:08:52"}
{"level":"info","message":"Incoming request: GET /api/v1/prepaid-card?searchTerm=1234567890122","service":"default-service-name","timestamp":"2026-01-28 11:09:27"}
{"level":"info","message":"Incoming request: GET /api/v1/prepaid-card?searchTerm=12","service":"default-service-name","timestamp":"2026-01-28 11:09:38"}
{"level":"info","message":"Incoming request: GET /api/v1/prepaid-card?searchTerm=74","service":"default-service-name","timestamp":"2026-01-28 11:09:50"}
{"level":"info","message":"Incoming request: GET /api/v1/prepaid-card?searchTerm=20","service":"default-service-name","timestamp":"2026-01-28 11:10:03"}
{"level":"info","message":"Incoming request: GET /api/v1/prepaid-card","service":"default-service-name","timestamp":"2026-01-28 11:10:10"}
{"level":"info","message":"Incoming request: GET /api/v1/prepaid-card?isActive=true","service":"default-service-name","timestamp":"2026-01-28 11:10:29"}
{"level":"info","message":"Incoming request: GET /api/v1/prepaid-card?isActive=false","service":"default-service-name","timestamp":"2026-01-28 11:10:36"}
{"level":"info","message":"Incoming request: GET /api/v1/prepaid-card?isActive=false","service":"default-service-name","timestamp":"2026-01-28 11:11:05"}
{"level":"info","message":"Incoming request: GET /api/v1/prepaid-card","service":"default-service-name","timestamp":"2026-01-28 11:11:15"}
{"level":"info","message":"Incoming request: GET /api/v1/prepaid-card","service":"default-service-name","timestamp":"2026-01-28 11:11:34"}
{"level":"info","message":"Incoming request: GET /api/v1/prepaid-card","service":"default-service-name","timestamp":"2026-01-28 11:13:23"}
{"level":"info","message":"Incoming request: PATCH /api/v1/prepaid-card/update/cmkxkd50q0003tcqogsy9iofs","service":"default-service-name","timestamp":"2026-01-28 11:14:02"}
{"level":"info","message":"Incoming request: PATCH /api/v1/prepaid-card/update/cmkxkd50q0003tcqogsy9iofs","service":"default-service-name","timestamp":"2026-01-28 11:14:17"}
{"level":"info","message":"Incoming request: PATCH /api/v1/prepaid-card/update/cmkxkd50q0003tcqogsy9iofs","service":"default-service-name","timestamp":"2026-01-28 11:14:22"}
{"level":"info","message":"Incoming request: PATCH /api/v1/prepaid-card/update/cmkxkd50q0003tcqogsy9iofs","service":"default-service-name","timestamp":"2026-01-28 11:14:49"}
{"level":"info","message":"Incoming request: PATCH /api/v1/prepaid-card/update/cmkxkd50q0003tcqogsy9iofs","service":"default-service-name","timestamp":"2026-01-28 11:14:59"}
{"level":"info","message":"Incoming request: PATCH /api/v1/prepaid-card/update/cmkxkd50q0003tcqogsy9iofs","service":"default-service-name","timestamp":"2026-01-28 11:15:07"}
{"level":"info","message":"Incoming request: GET /api/v1/prepaid-card","service":"default-service-name","timestamp":"2026-01-28 11:15:21"}
{"level":"info","message":"Incoming request: DELETE /api/v1/prepaid-card/delete/cmkxkd50q0003tcqogsy9iofs","service":"default-service-name","timestamp":"2026-01-28 11:17:20"}
{"level":"info","message":"Incoming request: DELETE /api/v1/prepaid-card/delete/cmkxkd50q0003tcqogsy9iofs","service":"default-service-name","timestamp":"2026-01-28 11:17:24"}
{"level":"info","message":"Incoming request: GET /api/v1/prepaid-card","service":"default-service-name","timestamp":"2026-01-28 11:17:37"}
{"level":"info","message":"Incoming request: POST /api/v1/prepaid-card/top-up","service":"default-service-name","timestamp":"2026-01-28 11:34:11"}
{"level":"info","message":"Incoming request: GET /api/v1/patient/profile","service":"default-service-name","timestamp":"2026-01-28 11:34:31"}
{"level":"info","message":"Incoming request: GET /api/v1/prepaid-card","service":"default-service-name","timestamp":"2026-01-28 11:35:15"}
{"level":"info","message":"Incoming request: POST /api/v1/prepaid-card/top-up","service":"default-service-name","timestamp":"2026-01-28 11:35:35"}
{"level":"info","message":"Incoming request: POST /api/v1/prepaid-card/top-up","service":"default-service-name","timestamp":"2026-01-28 11:35:48"}
{"level":"info","message":"Incoming request: GET /api/v1/prepaid-card","service":"default-service-name","timestamp":"2026-01-28 11:35:57"}
{"level":"info","message":"Incoming request: GET /api/v1/patient/profile","service":"default-service-name","timestamp":"2026-01-28 11:36:05"}
{"level":"info","message":"Incoming request: POST /api/v1/prepaid-card/top-up","service":"default-service-name","timestamp":"2026-01-28 11:37:11"}
{"level":"info","message":"Incoming request: POST /api/v1/prepaid-card/top-up","service":"default-service-name","timestamp":"2026-01-28 11:37:26"}
{"level":"info","message":"Incoming request: POST /api/v1/prepaid-card/top-up-purchase-list","service":"default-service-name","timestamp":"2026-01-28 11:38:03"}
{"level":"info","message":"Incoming request: GET /api/v1/prepaid-card/top-up-purchase-list","service":"default-service-name","timestamp":"2026-01-28 11:38:06"}
{"level":"info","message":"Incoming request: GET /api/v1/prepaid-card/top-up-purchase-list","service":"default-service-name","timestamp":"2026-01-28 11:38:18"}
{"level":"info","message":"Incoming request: GET /api/v1/prepaid-card/top-up-purchase-list?page=1&limit=1","service":"default-service-name","timestamp":"2026-01-28 11:38:40"}
{"level":"info","message":"Incoming request: GET /api/v1/prepaid-card/top-up-purchase-list?page=1","service":"default-service-name","timestamp":"2026-01-28 11:38:48"}
{"level":"info","message":"Incoming request: GET /api/v1/prepaid-card/top-up-purchase-list?page=1","service":"default-service-name","timestamp":"2026-01-28 11:48:16"}
{"level":"info","message":"Incoming request: GET /api/v1/prepaid-card/top-up-purchase-list","service":"default-service-name","timestamp":"2026-01-28 11:49:40"}
{"level":"info","message":"Incoming request: GET /api/v1/prepaid-card/top-up-purchase-list","service":"default-service-name","timestamp":"2026-01-28 11:50:42"}
{"level":"info","message":"Incoming request: GET /api/v1/prepaid-card/top-up-purchase-list?searchTerm=Khalifad","service":"default-service-name","timestamp":"2026-01-28 11:51:00"}
{"level":"info","message":"Incoming request: GET /api/v1/prepaid-card/top-up-purchase-list?searchTerm=Khalifa","service":"default-service-name","timestamp":"2026-01-28 11:51:04"}
{"level":"info","message":"Incoming request: GET /api/v1/prepaid-card/top-up-purchase-list?searchTerm=Khali","service":"default-service-name","timestamp":"2026-01-28 11:51:12"}
{"level":"info","message":"Incoming request: GET /api/v1/prepaid-card/top-up-purchase-list?searchTerm=123456789012255v","service":"default-service-name","timestamp":"2026-01-28 11:55:38"}
{"level":"info","message":"Incoming request: GET /api/v1/prepaid-card/top-up-purchase-list?searchTerm=123456789","service":"default-service-name","timestamp":"2026-01-28 11:55:51"}
{"level":"info","message":"Incoming request: GET /api/v1/prepaid-card/top-up-purchase-list?searchTerm=Libya","service":"default-service-name","timestamp":"2026-01-28 11:56:10"}
{"level":"info","message":"Incoming request: GET /api/v1/patient/appointment-history","service":"default-service-name","timestamp":"2026-01-28 12:03:22"}
{"level":"info","message":"Incoming request: GET /api/v1/payment/top-up-history","service":"default-service-name","timestamp":"2026-01-28 12:06:59"}
{"level":"info","message":"Incoming request: GET /api/v1/patient/profile","service":"default-service-name","timestamp":"2026-01-28 12:15:24"}
{"level":"info","message":"Incoming request: GET /api/v1/patient/get-clinic-doctors/cmk27vt0d000e5wu4sslco3j6?rating=3","service":"default-service-name","timestamp":"2026-01-28 12:16:18"}
{"level":"info","message":"Incoming request: GET /api/v1/patient/clinics/nearest","service":"default-service-name","timestamp":"2026-01-28 12:16:31"}
{"level":"info","message":"Incoming request: GET /api/v1/patient/get-clinic-doctors/cmkrul89f0002ks6vpkvqjxvu","service":"default-service-name","timestamp":"2026-01-28 12:16:46"}
{"level":"info","message":"Incoming request: GET /api/v1/patient/get-doctor/cmk3gfvqc00025w2esra7tex2","service":"default-service-name","timestamp":"2026-01-28 12:17:18"}
{"level":"info","message":"Incoming request: GET /api/v1/patient/get-clinic-doctors/cmkowkvdu000cksw15iws7zdi","service":"default-service-name","timestamp":"2026-01-28 12:17:25"}
{"level":"info","message":"Incoming request: GET /api/v1/patient/get-doctor/cmknwuq0c0000ksw1mfy59hv5","service":"default-service-name","timestamp":"2026-01-28 12:18:02"}
{"level":"info","message":"Incoming request: GET /api/v1/patient/get-doctor/cmkovq1sk0008ksw1x5s9msh7","service":"default-service-name","timestamp":"2026-01-28 12:18:16"}
{"level":"info","message":"Incoming request: POST /api/v1/patient/appointment-booking","service":"default-service-name","timestamp":"2026-01-28 12:19:14"}
{"level":"info","message":"Incoming request: POST /api/v1/patient/appointment-booking","service":"default-service-name","timestamp":"2026-01-28 12:19:34"}
{"level":"info","message":"Incoming request: POST /api/v1/patient/appointment-booking","service":"default-service-name","timestamp":"2026-01-28 12:32:47"}
{"level":"info","message":"Incoming request: GET /api/v1/payment/top-up-history","service":"default-service-name","timestamp":"2026-01-28 12:34:05"}
{"level":"info","message":"Incoming request: GET /api/v1/payment/top-up-history","service":"default-service-name","timestamp":"2026-01-28 12:38:22"}
{"level":"info","message":"Incoming request: POST /api/v1/patient/appointment-booking","service":"default-service-name","timestamp":"2026-01-28 12:38:47"}
{"level":"info","message":"Incoming request: GET /api/v1/payment/top-up-history","service":"default-service-name","timestamp":"2026-01-28 12:39:32"}
{"level":"info","message":"Incoming request: POST /api/v1/referral/apply","service":"default-service-name","timestamp":"2026-01-28 12:45:59"}
{"level":"info","message":"Incoming request: GET /api/v1/patient/profile","service":"default-service-name","timestamp":"2026-01-28 12:46:29"}
{"level":"info","message":"Incoming request: POST /api/v1/referral/apply","service":"default-service-name","timestamp":"2026-01-28 12:48:24"}
{"level":"info","message":"Incoming request: POST /api/v1/referral/apply","service":"default-service-name","timestamp":"2026-01-28 12:50:20"}
{"level":"info","message":"Incoming request: GET /api/v1/patient/profile","service":"default-service-name","timestamp":"2026-01-28 12:51:16"}
{"level":"info","message":"Incoming request: GET /api/v1/patient/profile","service":"default-service-name","timestamp":"2026-01-28 12:51:25"}
{"level":"info","message":"Incoming request: GET /api/v1/patient/profile","service":"default-service-name","timestamp":"2026-01-28 12:52:58"}
{"level":"info","message":"Incoming request: POST /api/v1/referral/apply","service":"default-service-name","timestamp":"2026-01-28 12:53:03"}
{"level":"info","message":"Incoming request: POST /api/v1/referral/apply","service":"default-service-name","timestamp":"2026-01-28 12:54:16"}
{"level":"info","message":"Incoming request: POST /api/v1/referral/apply","service":"default-service-name","timestamp":"2026-01-28 12:54:28"}
{"level":"info","message":"Incoming request: POST /api/v1/referral/apply","service":"default-service-name","timestamp":"2026-01-28 12:54:33"}
{"level":"info","message":"Incoming request: POST /api/v1/referral/apply","service":"default-service-name","timestamp":"2026-01-28 12:54:40"}
{"level":"info","message":"Incoming request: POST /api/v1/referral/apply","service":"default-service-name","timestamp":"2026-01-28 12:54:51"}
{"level":"info","message":"Incoming request: POST /api/v1/referral/apply","service":"default-service-name","timestamp":"2026-01-28 12:55:31"}
{"level":"info","message":"Incoming request: POST /api/v1/referral/claim-bonus","service":"default-service-name","timestamp":"2026-01-28 12:57:12"}
{"level":"info","message":"Incoming request: POST /api/v1/referral/claim-bonus","service":"default-service-name","timestamp":"2026-01-28 12:57:35"}
{"level":"info","message":"Incoming request: GET /api/v1/payment/top-up-history","service":"default-service-name","timestamp":"2026-01-28 12:58:24"}
{"level":"info","message":"Incoming request: POST /api/v1/prepaid-card/create","service":"default-service-name","timestamp":"2026-01-28 15:08:03"}
{"level":"info","message":"Incoming request: POST /api/v1/prepaid-card/create","service":"default-service-name","timestamp":"2026-01-28 15:10:00"}
{"level":"info","message":"Incoming request: POST /api/v1/prepaid-card/create","service":"default-service-name","timestamp":"2026-01-28 15:10:08"}
{"level":"info","message":"Incoming request: POST /api/v1/prepaid-card/create","service":"default-service-name","timestamp":"2026-01-28 15:10:11"}
{"level":"info","message":"Incoming request: POST /api/v1/prepaid-card/create","service":"default-service-name","timestamp":"2026-01-28 15:10:33"}
{"level":"info","message":"Incoming request: POST /api/v1/prepaid-card/create","service":"default-service-name","timestamp":"2026-01-28 15:10:37"}
{"level":"info","message":"Incoming request: POST /api/v1/prepaid-card/create","service":"default-service-name","timestamp":"2026-01-28 15:11:22"}
{"level":"info","message":"Incoming request: POST /api/v1/prepaid-card/create","service":"default-service-name","timestamp":"2026-01-28 15:12:36"}
{"level":"info","message":"Incoming request: POST /api/v1/prepaid-card/create","service":"default-service-name","timestamp":"2026-01-28 15:13:09"}
{"level":"info","message":"Incoming request: POST /api/v1/prepaid-card/create","service":"default-service-name","timestamp":"2026-01-28 15:13:13"}
{"level":"info","message":"Incoming request: POST /api/v1/prepaid-card/create","service":"default-service-name","timestamp":"2026-01-28 15:13:20"}
{"level":"info","message":"Incoming request: POST /api/v1/prepaid-card/create","service":"default-service-name","timestamp":"2026-01-28 15:13:25"}
{"level":"info","message":"Incoming request: POST /api/v1/prepaid-card/top-up","service":"default-service-name","timestamp":"2026-01-28 15:14:26"}
{"level":"info","message":"Incoming request: POST /api/v1/prepaid-card/top-up","service":"default-service-name","timestamp":"2026-01-28 15:14:32"}
{"level":"info","message":"Incoming request: POST /api/v1/prepaid-card/top-up","service":"default-service-name","timestamp":"2026-01-28 15:16:30"}
{"level":"info","message":"Incoming request: POST /api/v1/prepaid-card/top-up","service":"default-service-name","timestamp":"2026-01-28 15:16:38"}
{"level":"info","message":"Incoming request: GET /api/v1/prepaid-card","service":"default-service-name","timestamp":"2026-01-28 15:16:48"}
{"level":"info","message":"Incoming request: GET /api/v1/patient/profile","service":"default-service-name","timestamp":"2026-01-28 15:17:06"}
{"level":"info","message":"Incoming request: POST /api/v1/prepaid-card/top-up","service":"default-service-name","timestamp":"2026-01-28 15:17:25"}
{"level":"info","message":"Incoming request: GET /api/v1/patient/profile","service":"default-service-name","timestamp":"2026-01-28 15:17:34"}
{"level":"info","message":"Incoming request: GET /api/v1/payment/top-up-history","service":"default-service-name","timestamp":"2026-01-28 15:17:49"}
{"level":"info","message":"Incoming request: GET /api/v1/prepaid-card/top-up-purchase-list","service":"default-service-name","timestamp":"2026-01-28 15:21:30"}
{"level":"info","message":"Incoming request: GET /api/v1/prepaid-card","service":"default-service-name","timestamp":"2026-01-28 15:21:54"}
{"level":"info","message":"Incoming request: GET /api/v1/prepaid-card?isActive=false","service":"default-service-name","timestamp":"2026-01-28 15:22:01"}
{"level":"info","message":"Incoming request: GET /api/v1/prepaid-card?isActive=false","service":"default-service-name","timestamp":"2026-01-28 15:24:11"}
{"level":"info","message":"Incoming request: GET /api/v1/prepaid-card","service":"default-service-name","timestamp":"2026-01-28 15:24:30"}
{"level":"info","message":"Incoming request: GET /api/v1/prepaid-card?isActive=false","service":"default-service-name","timestamp":"2026-01-28 15:24:40"}
{"level":"info","message":"Incoming request: GET /api/v1/prepaid-card?searchTerm=+218911111","service":"default-service-name","timestamp":"2026-01-28 15:24:59"}
{"level":"info","message":"Incoming request: GET /api/v1/prepaid-card","service":"default-service-name","timestamp":"2026-01-28 15:27:10"}
{"level":"info","message":"Incoming request: POST /api/v1/prepaid-card/create","service":"default-service-name","timestamp":"2026-01-28 15:41:39"}
{"level":"info","message":"Incoming request: GET /api/v1/prepaid-card","service":"default-service-name","timestamp":"2026-01-28 15:46:46"}
{"level":"info","message":"Incoming request: POST /api/v1/prepaid-card/top-up","service":"default-service-name","timestamp":"2026-01-28 15:47:09"}
{"level":"info","message":"Incoming request: GET /api/v1/prepaid-card","service":"default-service-name","timestamp":"2026-01-28 15:47:17"}
{"level":"info","message":"Incoming request: GET /api/v1/prepaid-card?isActive=false","service":"default-service-name","timestamp":"2026-01-28 15:47:29"}
{"level":"info","message":"Incoming request: GET /api/v1/prepaid-card?used=false","service":"default-service-name","timestamp":"2026-01-28 15:47:39"}
{"level":"info","message":"Incoming request: GET /api/v1/prepaid-card?used=true","service":"default-service-name","timestamp":"2026-01-28 15:48:03"}
{"level":"info","message":"Incoming request: POST /api/v1/prepaid-card/top-up","service":"default-service-name","timestamp":"2026-01-28 15:48:39"}
{"level":"info","message":"Incoming request: GET /api/v1/prepaid-card?used=true","service":"default-service-name","timestamp":"2026-01-28 15:48:45"}
{"level":"info","message":"Incoming request: POST /api/v1/prepaid-card/create","service":"default-service-name","timestamp":"2026-01-28 15:49:13"}
{"level":"info","message":"Incoming request: GET /api/v1/prepaid-card?used=true","service":"default-service-name","timestamp":"2026-01-28 15:50:23"}
{"level":"info","message":"Incoming request: GET /api/v1/prepaid-card","service":"default-service-name","timestamp":"2026-01-28 15:50:33"}
{"level":"info","message":"Incoming request: GET /api/v1/prepaid-card","service":"default-service-name","timestamp":"2026-01-28 15:50:37"}
{"level":"info","message":"Incoming request: POST /api/v1/prepaid-card/top-up","service":"default-service-name","timestamp":"2026-01-28 15:50:53"}
{"level":"info","message":"Incoming request: GET /api/v1/prepaid-card","service":"default-service-name","timestamp":"2026-01-28 15:51:01"}
{"level":"info","message":"Incoming request: GET /api/v1/prepaid-card?used=true","service":"default-service-name","timestamp":"2026-01-28 15:51:10"}
{"level":"info","message":"Incoming request: GET /api/v1/prepaid-card?used=true","service":"default-service-name","timestamp":"2026-01-28 15:51:30"}
{"level":"info","message":"Incoming request: GET /api/v1/prepaid-card?used=true","service":"default-service-name","timestamp":"2026-01-28 15:51:51"}
{"level":"info","message":"Incoming request: GET /api/v1/prepaid-card","service":"default-service-name","timestamp":"2026-01-28 15:51:58"}
{"level":"info","message":"Incoming request: GET /api/v1/prepaid-card?used=true","service":"default-service-name","timestamp":"2026-01-28 15:53:26"}
{"level":"info","message":"Incoming request: GET /api/v1/prepaid-card","service":"default-service-name","timestamp":"2026-01-28 15:53:30"}
{"level":"info","message":"Incoming request: GET /api/v1/prepaid-card?searchTerm=762810487377","service":"default-service-name","timestamp":"2026-01-28 15:53:44"}
{"level":"info","message":"Incoming request: GET /api/v1/prepaid-card?searchTerm=7628104","service":"default-service-name","timestamp":"2026-01-28 15:53:52"}
{"level":"info","message":"Incoming request: GET /api/v1/prepaid-card?searchTerm=7628","service":"default-service-name","timestamp":"2026-01-28 15:53:59"}
{"level":"info","message":"Incoming request: GET /api/v1/prepaid-card?searchTerm=","service":"default-service-name","timestamp":"2026-01-28 15:54:04"}
{"level":"info","message":"Incoming request: GET /api/v1/prepaid-card?searchTerm=7","service":"default-service-name","timestamp":"2026-01-28 15:54:14"}
{"level":"info","message":"Incoming request: GET /api/v1/prepaid-card?searchTerm=50","service":"default-service-name","timestamp":"2026-01-28 15:54:26"}
{"level":"info","message":"Incoming request: GET /api/v1/prepaid-card","service":"default-service-name","timestamp":"2026-01-28 15:56:10"}
{"level":"info","message":"Incoming request: GET /api/v1/prepaid-card","service":"default-service-name","timestamp":"2026-01-28 15:56:23"}
{"level":"info","message":"Incoming request: POST /api/v1/prepaid-card/top-up","service":"default-service-name","timestamp":"2026-01-28 15:56:38"}
{"level":"info","message":"Incoming request: GET /api/v1/prepaid-card","service":"default-service-name","timestamp":"2026-01-28 15:56:41"}
{"level":"info","message":"Incoming request: GET /api/v1/prepaid-card","service":"default-service-name","timestamp":"2026-01-28 15:56:46"}
{"level":"info","message":"Incoming request: GET /api/v1/prepaid-card","service":"default-service-name","timestamp":"2026-01-28 15:56:50"}
{"level":"info","message":"Incoming request: POST /api/v1/prepaid-card/top-up","service":"default-service-name","timestamp":"2026-01-28 15:56:59"}
{"level":"info","message":"Incoming request: GET /api/v1/prepaid-card","service":"default-service-name","timestamp":"2026-01-28 15:57:04"}
{"level":"info","message":"Incoming request: GET /api/v1/prepaid-card","service":"default-service-name","timestamp":"2026-01-28 15:57:28"}
{"level":"info","message":"Incoming request: POST /api/v1/prepaid-card/top-up","service":"default-service-name","timestamp":"2026-01-28 15:57:40"}
{"level":"info","message":"Incoming request: GET /api/v1/prepaid-card","service":"default-service-name","timestamp":"2026-01-28 15:57:50"}
{"level":"info","message":"Incoming request: GET /api/v1/prepaid-card","service":"default-service-name","timestamp":"2026-01-28 15:58:15"}
{"level":"info","message":"Incoming request: GET /api/v1/prepaid-card?used=true","service":"default-service-name","timestamp":"2026-01-28 15:58:29"}
{"level":"info","message":"Incoming request: GET /api/v1/prepaid-card?used=true","service":"default-service-name","timestamp":"2026-01-28 16:01:29"}
{"level":"info","message":"Incoming request: GET /api/v1/prepaid-card?used=true","service":"default-service-name","timestamp":"2026-01-28 16:01:58"}
{"level":"info","message":"Incoming request: GET /api/v1/prepaid-card?used=true","service":"default-service-name","timestamp":"2026-01-28 16:02:16"}
{"level":"info","message":"Incoming request: GET /api/v1/prepaid-card?used=true","service":"default-service-name","timestamp":"2026-01-28 16:06:22"}
{"level":"info","message":"Incoming request: GET /api/v1/prepaid-card?searchTerm=910315344810","service":"default-service-name","timestamp":"2026-01-28 16:06:36"}
{"level":"info","message":"Incoming request: GET /api/v1/prepaid-card?searchTerm=910315344810","service":"default-service-name","timestamp":"2026-01-28 16:06:47"}
{"level":"info","message":"Incoming request: GET /api/v1/prepaid-card?used=false","service":"default-service-name","timestamp":"2026-01-28 16:06:51"}
{"level":"info","message":"Incoming request: GET /api/v1/prepaid-card?page=1&limit=2&searchTerm=910315344810&used=false","service":"default-service-name","timestamp":"2026-01-28 16:07:01"}
{"level":"info","message":"Incoming request: GET /api/v1/prepaid-card?page=1&limit=2&searchTerm=910315344810&used=true","service":"default-service-name","timestamp":"2026-01-28 16:07:08"}
{"level":"info","message":"Incoming request: GET /api/v1/prepaid-card?page=1&limit=2","service":"default-service-name","timestamp":"2026-01-28 16:07:16"}
{"level":"info","message":"Incoming request: GET /api/v1/prepaid-card?page=1&limit=2&searchTerm=ahmed@gmail.com","service":"default-service-name","timestamp":"2026-01-28 16:07:33"}
{"level":"info","message":"Incoming request: GET /api/v1/prepaid-card?searchTerm=ahmed@gmail.com","service":"default-service-name","timestamp":"2026-01-28 16:07:41"}
{"level":"info","message":"Incoming request: GET /api/v1/prepaid-card?searchTerm=+218911111111","service":"default-service-name","timestamp":"2026-01-28 16:07:54"}
{"level":"info","message":"Incoming request: GET /api/v1/prepaid-card","service":"default-service-name","timestamp":"2026-01-28 16:07:59"}
{"level":"info","message":"Incoming request: GET /api/v1/prepaid-card","service":"default-service-name","timestamp":"2026-01-28 16:12:52"}
{"level":"info","message":"Incoming request: GET /api/v1/prepaid-card","service":"default-service-name","timestamp":"2026-01-28 16:14:03"}
{"level":"info","message":"Incoming request: GET /api/v1/prepaid-card?searchTerm=394862237936","service":"default-service-name","timestamp":"2026-01-28 16:14:23"}
{"level":"info","message":"Incoming request: GET /api/v1/prepaid-card?used=true","service":"default-service-name","timestamp":"2026-01-28 16:14:27"}
{"level":"info","message":"Incoming request: GET /api/v1/prepaid-card/export","service":"default-service-name","timestamp":"2026-01-28 16:26:04"}
{"level":"info","message":"Incoming request: GET /api/v1/prepaid-card/export","service":"default-service-name","timestamp":"2026-01-28 16:28:15"}
{"level":"info","message":"Incoming request: GET /api/v1/payment/top-up-history","service":"default-service-name","timestamp":"2026-01-28 18:01:31"}
{"level":"info","message":"Incoming request: PATCH /api/v1/clinic/update-info","service":"default-service-name","timestamp":"2026-01-29 10:35:06"}
{"level":"info","message":"Incoming request: PATCH /api/v1/clinic/update-info","service":"default-service-name","timestamp":"2026-01-29 10:35:26"}
{"level":"info","message":"Incoming request: PATCH /api/v1/doctor/profile-update","service":"default-service-name","timestamp":"2026-01-29 10:38:49"}
{"level":"info","message":"Incoming request: PATCH /api/v1/doctor/profile-update","service":"default-service-name","timestamp":"2026-01-29 10:39:01"}
{"level":"info","message":"Incoming request: PATCH /api/v1/patient/profile-update","service":"default-service-name","timestamp":"2026-01-29 10:39:18"}
{"level":"info","message":"Incoming request: PATCH /api/v1/patient/profile-update","service":"default-service-name","timestamp":"2026-01-29 10:39:22"}
{"level":"info","message":"Incoming request: PATCH /api/v1/patient/profile-update","service":"default-service-name","timestamp":"2026-01-29 10:39:40"}
{"level":"info","message":"Incoming request: PATCH /api/v1/patient/profile-update","service":"default-service-name","timestamp":"2026-01-29 10:39:53"}
{"level":"info","message":"Incoming request: GET /api/v1/patient/profile","service":"default-service-name","timestamp":"2026-01-29 11:10:19"}
{"level":"info","message":"Incoming request: GET /api/v1/patient/profile","service":"default-service-name","timestamp":"2026-01-29 11:10:44"}
{"level":"info","message":"Incoming request: POST /api/v1/patient/appointment-booking","service":"default-service-name","timestamp":"2026-01-29 11:10:49"}
{"level":"info","message":"Incoming request: POST /api/v1/patient/appointment-booking","service":"default-service-name","timestamp":"2026-01-29 11:11:55"}
{"level":"info","message":"Incoming request: POST /api/v1/patient/appointment-booking","service":"default-service-name","timestamp":"2026-01-29 11:12:14"}
{"level":"info","message":"Incoming request: GET /api/v1/patient/profile","service":"default-service-name","timestamp":"2026-01-29 11:12:37"}
{"level":"info","message":"Incoming request: POST /api/v1/patient/appointment-booking","service":"default-service-name","timestamp":"2026-01-29 11:14:01"}
{"level":"info","message":"Incoming request: GET /api/v1/patient/profile","service":"default-service-name","timestamp":"2026-01-29 11:14:19"}
{"level":"info","message":"Incoming request: POST /api/v1/patient/appointment-booking","service":"default-service-name","timestamp":"2026-01-29 11:15:09"}
{"level":"info","message":"Incoming request: POST /api/v1/patient/appointment-booking","service":"default-service-name","timestamp":"2026-01-29 11:17:25"}
{"level":"info","message":"Incoming request: POST /api/v1/allow-notification","service":"default-service-name","timestamp":"2026-01-31 12:09:11"}
{"level":"info","message":"Incoming request: POST /api/v1/allow-notification","service":"default-service-name","timestamp":"2026-01-31 12:09:15"}
{"level":"info","message":"Incoming request: POST /api/v1/allow-notification","service":"default-service-name","timestamp":"2026-01-31 12:09:21"}
{"level":"info","message":"Incoming request: GET /api/v1/allow-notification","service":"default-service-name","timestamp":"2026-01-31 12:09:42"}
{"level":"info","message":"Incoming request: POST /api/v1/allow-notification","service":"default-service-name","timestamp":"2026-01-31 12:09:50"}
{"level":"info","message":"Incoming request: GET /api/v1/allow-notification","service":"default-service-name","timestamp":"2026-01-31 12:09:54"}
{"level":"info","message":"Incoming request: GET /api/v1/admin/get-clinic?adminVerified=false","service":"default-service-name","timestamp":"2026-01-31 12:11:18"}
{"level":"info","message":"Incoming request: GET /api/v1/admin/get-clinic","service":"default-service-name","timestamp":"2026-01-31 12:12:52"}
{"level":"info","message":"Incoming request: PATCH /api/v1/admin/set-service-free/cmkz16a1b0004kselpz826lf4","service":"default-service-name","timestamp":"2026-01-31 12:19:16"}
{"level":"info","message":"Incoming request: PATCH /api/v1/admin/set-service-free/cmkz16a1b0004kselpz826lf4","service":"default-service-name","timestamp":"2026-01-31 12:21:10"}
{"level":"info","message":"Incoming request: GET /api/v1/admin/get-clinic","service":"default-service-name","timestamp":"2026-01-31 12:21:16"}
{"level":"info","message":"Incoming request: POST /api/v1/allow-notification","service":"default-service-name","timestamp":"2026-02-02 18:04:27"}
{"level":"info","message":"Incoming request: GET /api/v1/allow-notification","service":"default-service-name","timestamp":"2026-02-02 18:04:31"}
{"level":"info","message":"Incoming request: POST /api/v1/allow-ai-chat","service":"default-service-name","timestamp":"2026-02-02 18:05:48"}
{"level":"info","message":"Incoming request: POST /api/v1/allow-ai-chat","service":"default-service-name","timestamp":"2026-02-02 18:05:52"}
{"level":"info","message":"Incoming request: POST /api/v1/allow-ai-chat","service":"default-service-name","timestamp":"2026-02-02 18:06:08"}
{"level":"info","message":"Incoming request: GET /api/v1/allow-ai-chat","service":"default-service-name","timestamp":"2026-02-02 18:06:17"}
{"level":"info","message":"Incoming request: POST /api/v1/patient-service-fee","service":"default-service-name","timestamp":"2026-02-02 19:04:15"}
{"level":"info","message":"Incoming request: GET /api/v1/patient-service-fee","service":"default-service-name","timestamp":"2026-02-02 19:04:47"}
{"level":"info","message":"Incoming request: POST /api/v1/patient-service-fee","service":"default-service-name","timestamp":"2026-02-02 19:04:58"}
{"level":"info","message":"Incoming request: GET /api/v1/patient-service-fee","service":"default-service-name","timestamp":"2026-02-02 19:05:02"}
{"level":"info","message":"Incoming request: GET /api/v1/patient-service-fee","service":"default-service-name","timestamp":"2026-02-09 10:48:46"}
{"level":"info","message":"Incoming request: GET /api/v1/admin/get-clinic","service":"default-service-name","timestamp":"2026-02-09 10:49:01"}
{"level":"info","message":"Incoming request: GET /api/v1/admin/get-clinic","service":"default-service-name","timestamp":"2026-02-09 11:01:42"}
{"level":"info","message":"Incoming request: PATCH /api/v1/admin/clinic-verified/cmkrx9g61000mksprj6wsu3uo","service":"default-service-name","timestamp":"2026-02-09 11:20:00"}
{"level":"info","message":"Incoming request: PATCH /api/v1/admin/set-service-free/cmkrxadp2000nkspre8q87lj4","service":"default-service-name","timestamp":"2026-02-09 11:20:11"}
{"level":"info","message":"Incoming request: PATCH /api/v1/admin/set-service-free/cmkrx9g61000mksprj6wsu3uo","service":"default-service-name","timestamp":"2026-02-09 11:20:27"}
{"level":"info","message":"Incoming request: GET /api/v1/admin/get-clinic","service":"default-service-name","timestamp":"2026-02-09 11:20:44"}
{"level":"info","message":"Incoming request: PATCH /api/v1/admin/set-service-free/cmkrx9g61000mksprj6wsu3uo","service":"default-service-name","timestamp":"2026-02-09 11:22:52"}
{"level":"info","message":"Incoming request: PATCH /api/v1/admin/clinic-verified/cmkrx9g61000mksprj6wsu3uo","service":"default-service-name","timestamp":"2026-02-09 11:23:09"}
{"level":"info","message":"Incoming request: GET /api/v1/admin/get-clinic?trial","service":"default-service-name","timestamp":"2026-02-09 11:24:31"}
{"level":"info","message":"Incoming request: PATCH /api/v1/admin/set-service-free/cmkrx9g61000mksprj6wsu3uo","service":"default-service-name","timestamp":"2026-02-09 11:24:49"}
{"level":"info","message":"Incoming request: PATCH /api/v1/admin/set-service-free/cmkrx9g61000mksprj6wsu3uo","service":"default-service-name","timestamp":"2026-02-09 11:25:01"}
{"level":"info","message":"Incoming request: GET /api/v1/admin/get-clinic","service":"default-service-name","timestamp":"2026-02-09 11:25:09"}
{"level":"info","message":"Incoming request: POST /api/v1/patient/appointment-booking","service":"default-service-name","timestamp":"2026-02-09 11:45:01"}
{"level":"info","message":"Incoming request: POST /api/v1/patient/appointment-booking","service":"default-service-name","timestamp":"2026-02-09 11:45:16"}
{"level":"info","message":"Incoming request: POST /api/v1/patient/appointment-booking","service":"default-service-name","timestamp":"2026-02-09 11:45:32"}
{"level":"info","message":"Incoming request: POST /api/v1/patient/appointment-booking","service":"default-service-name","timestamp":"2026-02-09 11:55:07"}
{"level":"info","message":"Incoming request: POST /api/v1/patient/appointment-booking","service":"default-service-name","timestamp":"2026-02-09 11:58:31"}
{"level":"info","message":"Incoming request: POST /api/v1/patient/appointment-booking","service":"default-service-name","timestamp":"2026-02-09 11:58:47"}
{"level":"info","message":"Incoming request: POST /api/v1/patient/appointment-booking","service":"default-service-name","timestamp":"2026-02-09 11:59:26"}
{"level":"info","message":"Incoming request: POST /api/v1/patient/appointment-booking","service":"default-service-name","timestamp":"2026-02-09 11:59:35"}
{"level":"info","message":"Incoming request: POST /api/v1/patient/appointment-booking","service":"default-service-name","timestamp":"2026-02-09 12:51:03"}
{"level":"info","message":"Incoming request: POST /api/v1/patient/appointment-booking","service":"default-service-name","timestamp":"2026-02-10 08:48:50"}
{"level":"info","message":"Incoming request: POST /api/v1/patient/appointment-booking","service":"default-service-name","timestamp":"2026-02-10 08:49:14"}
{"level":"info","message":"Incoming request: POST /api/v1/patient/appointment-booking","service":"default-service-name","timestamp":"2026-02-10 08:53:47"}
{"level":"info","message":"Incoming request: POST /api/v1/auth/send-otp","service":"default-service-name","timestamp":"2026-02-10 08:54:00"}
{"level":"info","message":"Incoming request: POST /api/v1/auth/send-otp","service":"default-service-name","timestamp":"2026-02-10 08:54:27"}
{"level":"info","message":"Incoming request: POST /api/v1/auth/verify-otp","service":"default-service-name","timestamp":"2026-02-10 08:55:05"}
{"level":"info","message":"Incoming request: PATCH /api/v1/clinic/update-info","service":"default-service-name","timestamp":"2026-02-10 08:55:21"}
{"level":"info","message":"Incoming request: PATCH /api/v1/clinic/update-info","service":"default-service-name","timestamp":"2026-02-10 08:55:29"}
{"level":"info","message":"Incoming request: GET /api/v1/clinic/","service":"default-service-name","timestamp":"2026-02-10 08:55:56"}
{"level":"info","message":"Incoming request: GET /api/v1/clinic/info","service":"default-service-name","timestamp":"2026-02-10 08:56:07"}
{"level":"info","message":"Incoming request: POST /api/v1/auth/send-otp","service":"default-service-name","timestamp":"2026-02-10 08:56:52"}
{"level":"info","message":"Incoming request: POST /api/v1/auth/verify-otp","service":"default-service-name","timestamp":"2026-02-10 08:57:23"}
{"level":"info","message":"Incoming request: GET /api/v1/clinic/","service":"default-service-name","timestamp":"2026-02-10 08:57:53"}
{"level":"info","message":"Incoming request: POST /api/v1/auth/send-otp","service":"default-service-name","timestamp":"2026-02-10 08:58:30"}
{"level":"info","message":"Incoming request: POST /api/v1/auth/send-otp","service":"default-service-name","timestamp":"2026-02-10 08:58:44"}
{"level":"info","message":"Incoming request: POST /api/v1/auth/verify-otp","service":"default-service-name","timestamp":"2026-02-10 08:59:59"}
{"level":"info","message":"Incoming request: PATCH /api/v1/doctor/profile-update","service":"default-service-name","timestamp":"2026-02-10 09:00:44"}
{"level":"info","message":"Incoming request: GET /api/v1/doctor/profile","service":"default-service-name","timestamp":"2026-02-10 09:00:59"}
{"level":"info","message":"Incoming request: POST /api/v1/doctor/working-hours","service":"default-service-name","timestamp":"2026-02-10 09:01:17"}
{"level":"info","message":"Incoming request: POST /api/v1/doctor/working-hours","service":"default-service-name","timestamp":"2026-02-10 09:01:39"}
{"level":"info","message":"Incoming request: POST /api/v1/doctor/working-hours","service":"default-service-name","timestamp":"2026-02-10 09:01:54"}
{"level":"info","message":"Incoming request: GET /api/v1/doctor/working-hours","service":"default-service-name","timestamp":"2026-02-10 09:26:09"}
{"level":"info","message":"Incoming request: POST /api/v1/auth/send-otp","service":"default-service-name","timestamp":"2026-02-10 09:27:04"}
{"level":"info","message":"Incoming request: POST /api/v1/auth/verify-otp","service":"default-service-name","timestamp":"2026-02-10 09:27:32"}
{"level":"info","message":"Incoming request: PATCH /api/v1/patient/profile-update","service":"default-service-name","timestamp":"2026-02-10 09:32:54"}
{"level":"info","message":"Incoming request: GET /api/v1/patient/clinics/nearest","service":"default-service-name","timestamp":"2026-02-10 09:33:52"}
{"level":"info","message":"Incoming request: GET /api/v1/patient/get-clinic-doctors/cmlg0c8170001tc3kg7isyeip","service":"default-service-name","timestamp":"2026-02-10 09:34:20"}
{"level":"info","message":"Incoming request: GET /api/v1/patient/get-doctor/cmlg0kb58000btc3kixh1jk0x","service":"default-service-name","timestamp":"2026-02-10 09:34:40"}
{"level":"info","message":"Incoming request: POST /api/v1/patient/appointment-booking","service":"default-service-name","timestamp":"2026-02-10 09:36:59"}
{"level":"info","message":"Incoming request: POST /api/v1/patient-service-fee","service":"default-service-name","timestamp":"2026-02-10 09:37:13"}
{"level":"info","message":"Incoming request: POST /api/v1/patient/appointment-booking","service":"default-service-name","timestamp":"2026-02-10 09:41:06"}
{"level":"info","message":"Incoming request: POST /api/v1/patient/appointment-booking","service":"default-service-name","timestamp":"2026-02-10 09:41:48"}
{"level":"info","message":"Incoming request: GET /api/v1/doctor/working-hours","service":"default-service-name","timestamp":"2026-02-10 09:42:10"}
{"level":"info","message":"Incoming request: POST /api/v1/patient/appointment-booking","service":"default-service-name","timestamp":"2026-02-10 09:42:26"}
{"level":"info","message":"Incoming request: POST /api/v1/patient/appointment-booking","service":"default-service-name","timestamp":"2026-02-10 09:45:40"}
{"level":"info","message":"Incoming request: POST /api/v1/patient/appointment-booking","service":"default-service-name","timestamp":"2026-02-10 10:26:26"}
{"level":"info","message":"Incoming request: POST /api/v1/patient/appointment-booking","service":"default-service-name","timestamp":"2026-02-10 10:28:31"}
{"level":"info","message":"Incoming request: PATCH /api/v1/patient/appointment-cancel/cmlg2689s0001tczgyrpptyri","service":"default-service-name","timestamp":"2026-02-10 11:16:25"}
{"level":"info","message":"Incoming request: PATCH /api/v1/patient/appointment-cancel/cmlg2689s0001tczgyrpptyri","service":"default-service-name","timestamp":"2026-02-10 11:41:52"}
{"level":"info","message":"Incoming request: PATCH /api/v1/patient/appointment-cancel/cmlg2689s0001tczgyrpptyri","service":"default-service-name","timestamp":"2026-02-10 11:43:29"}
{"level":"info","message":"Incoming request: PATCH /api/v1/patient/appointment-cancel/cmlg2689s0001tczgyrpptyri","service":"default-service-name","timestamp":"2026-02-10 11:44:06"}
{"level":"info","message":"Incoming request: PATCH /api/v1/patient/appointment-cancel/cmlg2689s0001tczgyrpptyri","service":"default-service-name","timestamp":"2026-02-10 11:44:20"}
{"level":"info","message":"Incoming request: PATCH /api/v1/patient/appointment-cancel/cmlg2689s0001tczgyrpptyri","service":"default-service-name","timestamp":"2026-02-10 11:48:35"}
{"level":"info","message":"Incoming request: POST /api/v1/patient/appointment-booking","service":"default-service-name","timestamp":"2026-02-10 11:50:26"}
{"level":"info","message":"Incoming request: GET /api/v1/patient/profile","service":"default-service-name","timestamp":"2026-02-10 11:50:41"}
{"level":"info","message":"Incoming request: GET /api/v1/prepaid-card?used=false","service":"default-service-name","timestamp":"2026-02-10 11:50:57"}
{"level":"info","message":"Incoming request: POST /api/v1/prepaid-card/create","service":"default-service-name","timestamp":"2026-02-10 11:51:05"}
{"level":"info","message":"Incoming request: GET /api/v1/prepaid-card?used=false","service":"default-service-name","timestamp":"2026-02-10 11:51:16"}
{"level":"info","message":"Incoming request: POST /api/v1/prepaid-card/top-up","service":"default-service-name","timestamp":"2026-02-10 11:51:36"}
{"level":"info","message":"Incoming request: POST /api/v1/prepaid-card/top-up","service":"default-service-name","timestamp":"2026-02-10 11:52:03"}
{"level":"info","message":"Incoming request: POST /api/v1/prepaid-card/top-up","service":"default-service-name","timestamp":"2026-02-10 11:52:35"}
{"level":"info","message":"Incoming request: POST /api/v1/patient/appointment-booking","service":"default-service-name","timestamp":"2026-02-10 11:52:47"}
{"level":"info","message":"Incoming request: PATCH /api/v1/clinic/remove-clinic-doctor/cmkovq1sk0008ksw1x5s9msh7","service":"default-service-name","timestamp":"2026-02-10 11:53:54"}
{"level":"info","message":"Incoming request: GET /api/v1/clinic/info","service":"default-service-name","timestamp":"2026-02-10 11:54:06"}
{"level":"info","message":"Incoming request: POST /api/v1/patient/appointment-booking","service":"default-service-name","timestamp":"2026-02-10 11:55:50"}
{"level":"info","message":"Incoming request: POST /api/v1/patient/appointment-booking","service":"default-service-name","timestamp":"2026-02-10 11:59:16"}
{"level":"info","message":"Incoming request: POST /api/v1/patient/appointment-booking","service":"default-service-name","timestamp":"2026-02-10 11:59:37"}
{"level":"info","message":"Incoming request: PATCH /api/v1/patient/appointment-cancel/cmlg6ygol0001tcdo2wsk31tr","service":"default-service-name","timestamp":"2026-02-10 12:01:18"}
{"level":"info","message":"Incoming request: POST /api/v1/patient/appointment-booking","service":"default-service-name","timestamp":"2026-02-10 12:14:20"}
{"level":"info","message":"Incoming request: POST /api/v1/patient/appointment-booking","service":"default-service-name","timestamp":"2026-02-10 12:15:02"}
{"level":"info","message":"Incoming request: POST /api/v1/patient/appointment-booking","service":"default-service-name","timestamp":"2026-02-10 12:15:13"}
{"level":"info","message":"Incoming request: PATCH /api/v1/patient/appointment-cancel/cmlg7ihhl000htc4om4184tha","service":"default-service-name","timestamp":"2026-02-10 12:15:50"}
{"level":"info","message":"Incoming request: POST /api/v1/patient/appointment-booking","service":"default-service-name","timestamp":"2026-02-10 12:58:28"}
{"level":"info","message":"Incoming request: POST /api/v1/patient/appointment-booking","service":"default-service-name","timestamp":"2026-02-10 15:43:26"}
{"level":"info","message":"Incoming request: POST /api/v1/patient/appointment-booking","service":"default-service-name","timestamp":"2026-02-10 15:44:23"}
{"level":"info","message":"Incoming request: PATCH /api/v1/clinic/update/appointment-status","service":"default-service-name","timestamp":"2026-02-10 15:45:05"}
{"level":"info","message":"Incoming request: PATCH /api/v1/clinic/update/appointment-status","service":"default-service-name","timestamp":"2026-02-10 15:45:38"}
{"level":"info","message":"Incoming request: PATCH /api/v1/clinic/update/appointment-status","service":"default-service-name","timestamp":"2026-02-10 15:54:18"}
{"level":"info","message":"Incoming request: PATCH /api/v1/clinic/update/appointment-status","service":"default-service-name","timestamp":"2026-02-10 15:54:55"}
{"level":"info","message":"Incoming request: POST /api/v1/clinic/specialists","service":"default-service-name","timestamp":"2026-02-10 15:56:21"}
{"level":"info","message":"Incoming request: POST /api/v1/clinic/specialists","service":"default-service-name","timestamp":"2026-02-10 15:56:25"}
{"level":"info","message":"Incoming request: POST /api/v1/patient/appointment-booking","service":"default-service-name","timestamp":"2026-02-10 15:56:34"}
{"level":"info","message":"Incoming request: PATCH /api/v1/clinic/update/appointment-status","service":"default-service-name","timestamp":"2026-02-10 15:59:19"}
{"level":"info","message":"Incoming request: PATCH /api/v1/clinic/update/appointment-status","service":"default-service-name","timestamp":"2026-02-10 15:59:30"}
{"level":"info","message":"Incoming request: PATCH /api/v1/clinic/update/appointment-status","service":"default-service-name","timestamp":"2026-02-10 16:00:23"}
{"level":"info","message":"Incoming request: POST /api/v1/clinic/insurances","service":"default-service-name","timestamp":"2026-02-10 16:00:28"}
{"level":"info","message":"Incoming request: POST /api/v1/patient/appointment-booking","service":"default-service-name","timestamp":"2026-02-10 16:00:37"}
{"level":"info","message":"Incoming request: PATCH /api/v1/clinic/update/appointment-status","service":"default-service-name","timestamp":"2026-02-10 16:01:37"}
{"level":"info","message":"Incoming request: PATCH /api/v1/clinic/update/appointment-status","service":"default-service-name","timestamp":"2026-02-10 16:05:01"}
{"level":"info","message":"Incoming request: PATCH /api/v1/clinic/update/appointment-status","service":"default-service-name","timestamp":"2026-02-10 16:05:34"}
{"level":"info","message":"Incoming request: POST /api/v1/patient/appointment-booking","service":"default-service-name","timestamp":"2026-02-10 16:05:51"}
{"level":"info","message":"Incoming request: PATCH /api/v1/clinic/update/appointment-status","service":"default-service-name","timestamp":"2026-02-10 16:07:39"}
{"level":"info","message":"Incoming request: PATCH /api/v1/clinic/update/appointment-status","service":"default-service-name","timestamp":"2026-02-10 16:08:15"}
{"level":"info","message":"Incoming request: PATCH /api/v1/clinic/update/appointment-status","service":"default-service-name","timestamp":"2026-02-10 16:08:48"}
{"level":"info","message":"Incoming request: POST /api/v1/patient/appointment-booking","service":"default-service-name","timestamp":"2026-02-10 16:47:13"}
{"level":"info","message":"Incoming request: PATCH /api/v1/clinic/update/appointment-status","service":"default-service-name","timestamp":"2026-02-10 16:49:19"}
{"level":"info","message":"Incoming request: POST /api/v1/clinic/specialists","service":"default-service-name","timestamp":"2026-02-10 16:50:03"}
{"level":"info","message":"Incoming request: POST /api/v1/patient/appointment-booking","service":"default-service-name","timestamp":"2026-02-10 16:50:09"}
{"level":"info","message":"Incoming request: PATCH /api/v1/clinic/update/appointment-status","service":"default-service-name","timestamp":"2026-02-10 16:51:07"}
{"level":"info","message":"Incoming request: PATCH /api/v1/clinic/update/appointment-status","service":"default-service-name","timestamp":"2026-02-10 16:57:07"}
{"level":"info","message":"Incoming request: POST /api/v1/allow-ai-chat","service":"default-service-name","timestamp":"2026-02-10 17:12:21"}
{"level":"info","message":"Incoming request: GET /api/v1/allow-ai-chat","service":"default-service-name","timestamp":"2026-02-10 17:12:39"}
{"level":"info","message":"Incoming request: GET /api/v1/patient-service-fee","service":"default-service-name","timestamp":"2026-02-10 17:12:49"}
{"level":"info","message":"Incoming request: POST /api/v1/allow-ai-chat","service":"default-service-name","timestamp":"2026-02-10 17:28:50"}
{"level":"info","message":"Incoming request: POST /api/v1/allow-ai-chat","service":"default-service-name","timestamp":"2026-02-10 17:29:40"}
{"level":"info","message":"Incoming request: POST /api/v1/allow-ai-chat","service":"default-service-name","timestamp":"2026-02-10 17:30:55"}
{"level":"info","message":"Incoming request: POST /api/v1/allow-ai-chat","service":"default-service-name","timestamp":"2026-02-10 17:30:59"}
{"level":"info","message":"Incoming request: POST /api/v1/allow-ai-chat","service":"default-service-name","timestamp":"2026-02-10 17:31:06"}
{"level":"info","message":"Incoming request: GET /api/v1/allow-ai-chat","service":"default-service-name","timestamp":"2026-02-10 17:31:08"}
{"level":"info","message":"Incoming request: POST /api/v1/allow-ai-chat","service":"default-service-name","timestamp":"2026-02-10 17:31:19"}
{"level":"info","message":"Incoming request: GET /api/v1/allow-ai-chat","service":"default-service-name","timestamp":"2026-02-10 17:31:23"}
{"level":"info","message":"Incoming request: POST /api/v1/allow-ai-chat","service":"default-service-name","timestamp":"2026-02-10 17:32:16"}
{"level":"info","message":"Incoming request: GET /api/v1/patient/profile","service":"default-service-name","timestamp":"2026-02-10 18:11:07"}
{"level":"info","message":"Incoming request: POST /api/v1/allow-ai-chat","service":"default-service-name","timestamp":"2026-02-10 18:32:54"}
{"level":"info","message":"Incoming request: POST /api/v1/allow-ai-chat","service":"default-service-name","timestamp":"2026-02-10 18:32:57"}
{"level":"info","message":"Incoming request: POST /api/v1/allow-ai-chat","service":"default-service-name","timestamp":"2026-02-10 18:33:04"}
{"level":"info","message":"Incoming request: GET /api/v1/allow-ai-chat","service":"default-service-name","timestamp":"2026-02-10 18:37:58"}
{"level":"info","message":"Incoming request: GET /api/v1/clinic/info","service":"default-service-name","timestamp":"2026-02-17 09:12:22"}
{"level":"info","message":"Incoming request: GET /api/v1/clinic/info","service":"default-service-name","timestamp":"2026-02-17 09:15:38"}
{"level":"info","message":"Incoming request: POST /api/v1/allow-ai-chat","service":"default-service-name","timestamp":"2026-02-17 09:38:48"}
{"level":"info","message":"Incoming request: POST /api/v1/patient/appointment-booking","service":"default-service-name","timestamp":"2026-02-17 14:41:29"}
{"level":"info","message":"Incoming request: POST /api/v1/patient/appointment-booking","service":"default-service-name","timestamp":"2026-02-17 14:41:58"}
{"level":"info","message":"Incoming request: POST /api/v1/patient/appointment-booking","service":"default-service-name","timestamp":"2026-02-17 14:42:13"}
{"level":"info","message":"Incoming request: POST /api/v1/patient/appointment-booking","service":"default-service-name","timestamp":"2026-02-17 14:45:35"}
{"level":"info","message":"Incoming request: PATCH /api/v1/clinic/update/appointment-status","service":"default-service-name","timestamp":"2026-02-17 14:46:07"}
{"level":"info","message":"Incoming request: GET /api/v1/admin/get-patient?page=1&limit=2","service":"default-service-name","timestamp":"2026-03-27 08:31:40"}
{"level":"info","message":"Incoming request: GET /api/v1/admin/get-patient?page=1&limit=2","service":"default-service-name","timestamp":"2026-03-27 08:31:54"}
{"level":"info","message":"Incoming request: GET /api/v1/admin/update-wallet","service":"default-service-name","timestamp":"2026-03-27 08:57:13"}
{"level":"info","message":"Incoming request: PATCH /api/v1/admin/update-wallet","service":"default-service-name","timestamp":"2026-03-27 08:57:17"}
{"level":"info","message":"Incoming request: PATCH /api/v1/admin/update-wallet","service":"default-service-name","timestamp":"2026-03-27 08:57:47"}
{"level":"info","message":"Incoming request: GET /api/v1/admin/get-patient","service":"default-service-name","timestamp":"2026-03-27 08:57:51"}
{"level":"info","message":"Incoming request: POST /api/v1/admin/patient-notification","service":"default-service-name","timestamp":"2026-03-27 10:43:37"}
{"level":"info","message":"Incoming request: POST /api/v1/admin/patient-notification","service":"default-service-name","timestamp":"2026-03-27 10:44:26"}
{"level":"info","message":"Incoming request: POST /api/v1/admin/patient-notification","service":"default-service-name","timestamp":"2026-03-27 10:49:38"}
{"level":"info","message":"Incoming request: POST /api/v1/admin/patient-notification","service":"default-service-name","timestamp":"2026-03-27 10:49:56"}
{"level":"info","message":"Incoming request: GET /api/v1/admin/get-patient","service":"default-service-name","timestamp":"2026-03-27 10:55:22"}
{"level":"info","message":"Incoming request: GET /api/v1/notification/patient","service":"default-service-name","timestamp":"2026-03-27 11:13:27"}
{"level":"info","message":"Incoming request: GET /api/v1/notification/patient","service":"default-service-name","timestamp":"2026-03-27 11:14:00"}
{"level":"info","message":"Incoming request: POST /api/v1/auth/send-otp","service":"default-service-name","timestamp":"2026-03-27 11:14:43"}
{"level":"info","message":"Incoming request: POST /api/v1/auth/verify-otp","service":"default-service-name","timestamp":"2026-03-27 11:15:24"}
{"level":"info","message":"Incoming request: POST /api/v1/auth/verify-otp","service":"default-service-name","timestamp":"2026-03-27 11:15:50"}
{"level":"info","message":"Incoming request: GET /api/v1/admin/get-patient","service":"default-service-name","timestamp":"2026-03-27 11:16:52"}
{"level":"info","message":"Incoming request: GET /api/v1/notification/patient","service":"default-service-name","timestamp":"2026-03-27 11:17:33"}
{"level":"info","message":"Incoming request: GET /api/v1/notification/patient","service":"default-service-name","timestamp":"2026-03-27 11:17:43"}
{"level":"info","message":"Incoming request: POST /api/v1/auth/verify-otp","service":"default-service-name","timestamp":"2026-03-27 11:23:00"}
{"level":"info","message":"Incoming request: GET /api/v1/notification/patient","service":"default-service-name","timestamp":"2026-03-27 11:23:07"}
{"level":"info","message":"Incoming request: GET /api/v1/notification/patient","service":"default-service-name","timestamp":"2026-03-27 11:26:13"}
{"level":"info","message":"Incoming request: GET /api/v1/notification/patient","service":"default-service-name","timestamp":"2026-03-27 11:26:54"}
{"level":"info","message":"Incoming request: POST /api/v1/admin/patient-notification","service":"default-service-name","timestamp":"2026-03-27 11:28:36"}
{"level":"info","message":"Incoming request: GET /api/v1/notification/patient","service":"default-service-name","timestamp":"2026-03-27 11:29:01"}
{"level":"info","message":"Incoming request: POST /api/v1/auth/verify-otp","service":"default-service-name","timestamp":"2026-03-27 11:32:55"}
{"level":"info","message":"Incoming request: GET /api/v1/admin/get-patient","service":"default-service-name","timestamp":"2026-03-27 11:33:05"}
{"level":"info","message":"Incoming request: POST /api/v1/admin/patient-notification","service":"default-service-name","timestamp":"2026-03-27 11:33:28"}
{"level":"info","message":"Incoming request: POST /api/v1/admin/patient-notification","service":"default-service-name","timestamp":"2026-03-27 11:33:32"}
{"level":"info","message":"Incoming request: GET /api/v1/notification/patient","service":"default-service-name","timestamp":"2026-03-27 11:33:48"}
{"level":"info","message":"Incoming request: POST /api/v1/auth/send-otp","service":"default-service-name","timestamp":"2026-03-27 11:37:49"}
{"level":"info","message":"Incoming request: POST /api/v1/auth/send-otp","service":"default-service-name","timestamp":"2026-03-27 11:38:17"}
{"level":"info","message":"Incoming request: POST /api/v1/auth/send-otp","service":"default-service-name","timestamp":"2026-03-27 12:02:50"}
{"level":"info","message":"Incoming request: GET /api/v1/admin/get-clinic","service":"default-service-name","timestamp":"2026-05-13 16:12:40"}
{"level":"info","message":"Incoming request: PATCH /api/v1/admin/update-wallet","service":"default-service-name","timestamp":"2026-05-13 16:12:59"}
{"level":"info","message":"Incoming request: GET /api/v1/admin/get-clinic","service":"default-service-name","timestamp":"2026-05-13 16:13:07"}
{"level":"info","message":"Incoming request: GET /api/v1/admin/get-patient","service":"default-service-name","timestamp":"2026-05-13 16:13:19"}
{"level":"info","message":"Incoming request: PATCH /api/v1/admin/update-wallet","service":"default-service-name","timestamp":"2026-05-13 16:13:29"}
{"level":"info","message":"Incoming request: GET /api/v1/admin/get-patient","service":"default-service-name","timestamp":"2026-05-13 16:13:36"}
{"level":"info","message":"Incoming request: GET /api/v1/doctor/profile","service":"default-service-name","timestamp":"2026-05-13 16:18:41"}
{"level":"info","message":"Incoming request: POST /api/v1/auth/send-otp","service":"default-service-name","timestamp":"2026-05-13 16:21:35"}
{"level":"info","message":"Incoming request: POST /api/v1/auth/verify-otp","service":"default-service-name","timestamp":"2026-05-13 16:24:36"}
{"level":"info","message":"Incoming request: PATCH /api/v1/doctor/profile-update","service":"default-service-name","timestamp":"2026-05-13 16:25:17"}
{"level":"info","message":"Incoming request: PATCH /api/v1/doctor/profile-update","service":"default-service-name","timestamp":"2026-05-13 16:26:52"}
{"level":"info","message":"Incoming request: PATCH /api/v1/patient/profile-update","service":"default-service-name","timestamp":"2026-05-13 16:28:00"}
{"level":"info","message":"Incoming request: PATCH /api/v1/patient/profile-update","service":"default-service-name","timestamp":"2026-05-13 16:28:13"}
{"level":"info","message":"Incoming request: PATCH /api/v1/patient/profile-update","service":"default-service-name","timestamp":"2026-05-13 16:28:34"}
{"level":"info","message":"Incoming request: PATCH /api/v1/doctor/profile-update","service":"default-service-name","timestamp":"2026-05-13 16:29:02"}
{"level":"info","message":"Incoming request: GET /api/v1/doctor/profile","service":"default-service-name","timestamp":"2026-05-13 16:30:41"}
{"level":"info","message":"Incoming request: GET /favicon.ico","service":"default-service-name","timestamp":"2026-05-13 21:09:52"}
{"level":"info","message":"Incoming request: GET /favicon.ico","service":"default-service-name","timestamp":"2026-05-13 21:10:03"}
{"level":"info","message":"Incoming request: POST /api/v1/admin/patient-notification","service":"default-service-name","timestamp":"2026-05-13 21:14:36"}
{"level":"info","message":"Incoming request: POST /api/v1/admin/patient-notification","service":"default-service-name","timestamp":"2026-05-13 21:24:56"}
{"level":"info","message":"Incoming request: POST /api/v1/admin/patient-notification","service":"default-service-name","timestamp":"2026-05-13 21:25:33"}
{"level":"info","message":"Incoming request: POST /api/v1/admin/patient-notification","service":"default-service-name","timestamp":"2026-05-13 21:50:45"}
{"level":"info","message":"Incoming request: POST /api/v1/patient-service-fee","service":"default-service-name","timestamp":"2026-05-15 23:22:20"}
{"level":"info","message":"Incoming request: POST /api/v1/patient-service-fee","service":"default-service-name","timestamp":"2026-05-15 23:26:37"}
{"level":"info","message":"Incoming request: POST /api/v1/patient-service-fee","service":"default-service-name","timestamp":"2026-05-15 23:26:42"}
{"level":"info","message":"Incoming request: GET /api/v1/patient-service-fee","service":"default-service-name","timestamp":"2026-05-15 23:26:51"}
{"level":"info","message":"Incoming request: GET /api/v1/admin/get-patient","service":"default-service-name","timestamp":"2026-05-15 23:27:23"}
{"level":"info","message":"Incoming request: POST /api/v1/patient/appointment-booking","service":"default-service-name","timestamp":"2026-06-01 14:38:34"}
{"level":"info","message":"Incoming request: POST /api/v1/auth/send-otp","service":"default-service-name","timestamp":"2026-06-01 14:39:15"}
{"level":"info","message":"Incoming request: POST /api/v1/auth/verify-otp","service":"default-service-name","timestamp":"2026-06-01 14:39:41"}
{"level":"info","message":"Incoming request: POST /api/v1/patient/appointment-booking","service":"default-service-name","timestamp":"2026-06-01 14:40:03"}
{"level":"info","message":"Incoming request: GET /api/v1/patient/profile","service":"default-service-name","timestamp":"2026-06-01 14:40:18"}
{"level":"info","message":"Incoming request: GET /api/v1/patient/profile","service":"default-service-name","timestamp":"2026-06-01 14:41:52"}
{"level":"info","message":"Incoming request: PATCH /api/v1/admin/update-wallet","service":"default-service-name","timestamp":"2026-06-01 14:43:26"}
{"level":"info","message":"Incoming request: POST /api/v1/patient/appointment-booking","service":"default-service-name","timestamp":"2026-06-01 14:44:06"}
{"level":"info","message":"Incoming request: POST /api/v1/admin/patient-notification","service":"default-service-name","timestamp":"2026-06-01 14:46:19"}
{"level":"info","message":"Incoming request: POST /api/v1/admin/clinic-notification","service":"default-service-name","timestamp":"2026-06-01 14:47:02"}
{"level":"info","message":"Incoming request: POST /api/v1/admin/clinic-notification","service":"default-service-name","timestamp":"2026-06-01 14:49:36"}
{"level":"info","message":"Incoming request: GET /api/v1/admin/get-clinic","service":"default-service-name","timestamp":"2026-06-01 14:53:36"}
{"level":"info","message":"Incoming request: GET /api/v1/patient/clinics/nearest","service":"default-service-name","timestamp":"2026-06-01 14:54:31"}
{"level":"info","message":"Incoming request: GET /api/v1/patient/clinics/nearest","service":"default-service-name","timestamp":"2026-06-01 14:57:29"}
{"level":"info","message":"Incoming request: GET /api/v1/patient/clinics/nearest","service":"default-service-name","timestamp":"2026-06-01 14:58:01"}
{"level":"info","message":"Incoming request: GET /api/v1/patient/clinics/nearest","service":"default-service-name","timestamp":"2026-06-01 15:00:23"}
{"level":"info","message":"Incoming request: GET /api/v1/patient/clinics/nearest","service":"default-service-name","timestamp":"2026-06-01 15:16:53"}
{"level":"info","message":"Incoming request: GET /api/v1/patient/clinics/nearest","service":"default-service-name","timestamp":"2026-06-01 15:17:18"}
{"level":"info","message":"Incoming request: GET /api/v1/patient/clinics/cmmfrizem000pks4n3mnvoz0u","service":"default-service-name","timestamp":"2026-06-02 07:57:05"}
{"level":"info","message":"Incoming request: GET /api/v1/patient/clinics/cmmfrizem000pks4n3mnvoz0u","service":"default-service-name","timestamp":"2026-06-02 07:59:34"}
{"level":"info","message":"Incoming request: GET /api/v1/patient/clinics/cmmfrizem000pks4n3mnvoz0u","service":"default-service-name","timestamp":"2026-06-02 08:01:16"}
{"level":"info","message":"Incoming request: GET /api/v1/patient/get-clinic-doctors/cmlg0c8170001tc3kg7isyeip","service":"default-service-name","timestamp":"2026-06-02 08:13:26"}
{"level":"info","message":"Incoming request: GET /api/v1/patient/get-doctor/cmlg0kb58000btc3kixh1jk0x","service":"default-service-name","timestamp":"2026-06-02 08:13:45"}
{"level":"info","message":"Incoming request: POST /api/v1/auth/send-otp","service":"default-service-name","timestamp":"2026-06-03 07:56:23"}
{"level":"info","message":"Incoming request: POST /api/v1/auth/verify-otp","service":"default-service-name","timestamp":"2026-06-03 07:56:45"}
{"level":"info","message":"Incoming request: POST /api/v1/auth/send-otp","service":"default-service-name","timestamp":"2026-06-03 07:57:21"}
{"level":"info","message":"Incoming request: POST /api/v1/auth/send-otp","service":"default-service-name","timestamp":"2026-06-03 07:59:48"}
{"level":"info","message":"Incoming request: POST /api/v1/auth/send-otp","service":"default-service-name","timestamp":"2026-06-03 08:00:06"}
{"level":"info","message":"Incoming request: POST /api/v1/auth/send-otp","service":"default-service-name","timestamp":"2026-06-03 08:01:36"}
{"level":"info","message":"Incoming request: GET /api/v1/patient/clinics/cmmfrizem000pks4n3mnvoz0u","service":"default-service-name","timestamp":"2026-06-03 20:18:48"}
{"level":"info","message":"Incoming request: GET /api/v1/patient/clinics/cmmfrizem000pks4n3mnvoz0u","service":"default-service-name","timestamp":"2026-06-03 20:19:36"}
{"level":"info","message":"Incoming request: GET /api/v1/clinic/","service":"default-service-name","timestamp":"2026-06-03 20:24:09"}
{"level":"info","message":"Incoming request: GET /api/v1/admin/get-clinic","service":"default-service-name","timestamp":"2026-06-03 20:24:48"}
{"level":"info","message":"Incoming request: PATCH /api/v1/admin/clinic-verified/cmpidxmqq0008ks1izuw8w2hm","service":"default-service-name","timestamp":"2026-06-03 20:25:35"}
{"level":"info","message":"Incoming request: GET /api/v1/patient/get-doctor/cmk3gfvqc00025w2esra7tex2","service":"default-service-name","timestamp":"2026-06-03 21:07:19"}
{"level":"info","message":"Incoming request: GET /api/v1/patient/clinics/nearest","service":"default-service-name","timestamp":"2026-06-03 21:07:27"}
{"level":"info","message":"Incoming request: GET /api/v1/patient/get-clinic-doctors/cmpidxmqq0008ks1izuw8w2hm","service":"default-service-name","timestamp":"2026-06-03 21:07:44"}
{"level":"info","message":"Incoming request: GET /api/v1/patient/get-doctor/cmpv3zgup000jks4rpnc193q8","service":"default-service-name","timestamp":"2026-06-03 21:08:04"}
{"level":"info","message":"Incoming request: GET /api/v1/patient/get-doctor/cmpv42ekd000lks4r3z31e29t","service":"default-service-name","timestamp":"2026-06-03 21:08:15"}
{"level":"info","message":"Incoming request: GET /api/v1/patient/get-doctor/cmpv42ekd000lks4r3z31e29t","service":"default-service-name","timestamp":"2026-06-03 21:10:01"}
{"level":"info","message":"Incoming request: POST /api/v1/admin/clinic-notification","service":"default-service-name","timestamp":"2026-06-04 14:05:27"}
{"level":"info","message":"Incoming request: POST /api/v1/admin/clinic-notification","service":"default-service-name","timestamp":"2026-06-04 14:12:41"}
{"level":"info","message":"Incoming request: POST /api/v1/admin/clinic-notification","service":"default-service-name","timestamp":"2026-06-04 14:13:13"}
{"level":"info","message":"Incoming request: POST /api/v1/admin/clinic-notification","service":"default-service-name","timestamp":"2026-06-04 14:14:05"}
{"level":"info","message":"Incoming request: POST /api/v1/admin/clinic-notification","service":"default-service-name","timestamp":"2026-06-04 14:14:37"}
{"level":"info","message":"Incoming request: POST /api/v1/admin/clinic-notification","service":"default-service-name","timestamp":"2026-06-04 14:16:13"}
{"level":"info","message":"Incoming request: GET /api/v1/admin/get-clinic","service":"default-service-name","timestamp":"2026-06-04 14:19:51"}
{"level":"info","message":"Incoming request: GET /api/v1/admin/get-patient","service":"default-service-name","timestamp":"2026-06-04 14:20:26"}
{"level":"info","message":"Incoming request: POST /api/v1/admin/patient-notification","service":"default-service-name","timestamp":"2026-06-04 14:20:52"}
{"level":"info","message":"Incoming request: POST /api/v1/admin/clinic-notification","service":"default-service-name","timestamp":"2026-06-04 14:25:15"}
{"level":"info","message":"Incoming request: POST /api/v1/admin/clinic-notification","service":"default-service-name","timestamp":"2026-06-04 14:26:00"}
{"level":"info","message":"Incoming request: POST /api/v1/admin/patient-notification","service":"default-service-name","timestamp":"2026-06-04 14:34:26"}
{"level":"info","message":"Incoming request: POST /api/v1/admin/clinic-notification","service":"default-service-name","timestamp":"2026-06-04 14:35:33"}
{"level":"info","message":"Incoming request: POST /api/v1/admin/clinic-notification","service":"default-service-name","timestamp":"2026-06-04 15:07:56"}
{"level":"info","message":"Incoming request: POST /api/v1/admin/patient-notification","service":"default-service-name","timestamp":"2026-06-04 15:09:51"}
{"level":"info","message":"Incoming request: POST /api/v1/admin/patient-notification","service":"default-service-name","timestamp":"2026-06-04 15:28:28"}
{"level":"info","message":"Incoming request: POST /api/v1/auth/send-otp","service":"default-service-name","timestamp":"2026-06-05 08:02:11"}
{"level":"info","message":"Incoming request: POST /api/v1/auth/verify-otp","service":"default-service-name","timestamp":"2026-06-05 08:02:48"}
{"level":"info","message":"Incoming request: POST /api/v1/auth/delete-account","service":"default-service-name","timestamp":"2026-06-05 08:04:05"}
{"level":"info","message":"Incoming request: DELETE /api/v1/auth/delete-account","service":"default-service-name","timestamp":"2026-06-05 08:04:10"}
{"level":"info","message":"Incoming request: DELETE /api/v1/auth/delete-account","service":"default-service-name","timestamp":"2026-06-05 08:04:31"}
{"level":"info","message":"Incoming request: DELETE /api/v1/auth/delete-account","service":"default-service-name","timestamp":"2026-06-05 08:05:24"}
{"level":"info","message":"Incoming request: POST /api/v1/auth/send-otp","service":"default-service-name","timestamp":"2026-07-06 21:55:51"}
{"level":"info","message":"Incoming request: POST /api/v1/auth/send-otp","service":"default-service-name","timestamp":"2026-07-06 21:56:15"}
{"level":"info","message":"Incoming request: POST /api/v1/auth/verify-otp","service":"default-service-name","timestamp":"2026-07-06 21:57:05"}
{"level":"info","message":"Incoming request: POST /api/v1/auth/send-otp","service":"default-service-name","timestamp":"2026-07-06 21:57:33"}
{"level":"info","message":"Incoming request: POST /api/v1/auth/send-otp","service":"default-service-name","timestamp":"2026-07-06 21:57:50"}
{"level":"info","message":"Incoming request: POST /api/v1/auth/send-otp","service":"default-service-name","timestamp":"2026-07-06 21:58:05"}
{"level":"info","message":"Incoming request: POST /api/v1/auth/send-otp","service":"default-service-name","timestamp":"2026-07-06 21:59:00"}
{"level":"info","message":"Incoming request: POST /api/v1/auth/send-otp","service":"default-service-name","timestamp":"2026-07-07 17:14:43"}
{"level":"info","message":"Incoming request: POST /api/v1/auth/verify-otp","service":"default-service-name","timestamp":"2026-07-07 17:15:09"}
{"level":"info","message":"Incoming request: PATCH /api/v1/doctor/profile-update","service":"default-service-name","timestamp":"2026-07-07 17:15:48"}
{"level":"info","message":"Incoming request: PATCH /api/v1/doctor/profile-update","service":"default-service-name","timestamp":"2026-07-07 17:16:43"}
{"level":"info","message":"Incoming request: PATCH /api/v1/doctor/profile-update","service":"default-service-name","timestamp":"2026-07-07 17:16:53"}
{"level":"info","message":"Incoming request: GET /api/v1/clinic/galleries","service":"default-service-name","timestamp":"2026-07-07 17:20:35"}
{"level":"info","message":"Incoming request: GET /api/v1/clinic/galleries","service":"default-service-name","timestamp":"2026-07-07 17:20:44"}
{"level":"info","message":"Incoming request: POST /api/v1/doctor/working-hours","service":"default-service-name","timestamp":"2026-07-07 17:23:42"}
{"level":"info","message":"Incoming request: POST /api/v1/doctor/working-hours","service":"default-service-name","timestamp":"2026-07-07 17:24:00"}
{"level":"info","message":"Incoming request: GET /api/v1/doctor/working-hours","service":"default-service-name","timestamp":"2026-07-07 17:24:08"}
{"level":"info","message":"Incoming request: GET /api/v1/doctor/working-hours","service":"default-service-name","timestamp":"2026-07-07 17:31:14"}
{"level":"info","message":"Incoming request: GET /api/v1/doctor/working-hours","service":"default-service-name","timestamp":"2026-07-07 17:35:20"}
{"level":"info","message":"Incoming request: GET /favicon.ico","service":"default-service-name","timestamp":"2026-07-07 17:50:00"}
{"level":"info","message":"Incoming request: GET /api/v1/doctor/working-hours","service":"default-service-name","timestamp":"2026-07-07 17:50:16"}
{"level":"info","message":"Incoming request: POST /api/v1/auth/send-otp","service":"default-service-name","timestamp":"2026-07-20 16:29:18"}
{"level":"info","message":"Incoming request: GET /api/v1/clinic/booking-history","service":"default-service-name","timestamp":"2026-07-20 16:29:44"}
{"level":"info","message":"Incoming request: GET /api/v1/clinic/booking-history?status=PENDING","service":"default-service-name","timestamp":"2026-07-20 16:31:02"}
{"level":"info","message":"Incoming request: GET /api/v1/clinic/booking-history","service":"default-service-name","timestamp":"2026-07-20 16:32:25"}
{"level":"info","message":"Incoming request: GET /api/v1/clinic/booking-history?status=PENDING","service":"default-service-name","timestamp":"2026-07-20 16:32:46"}
{"level":"info","message":"Incoming request: GET /api/v1/clinic/booking-history","service":"default-service-name","timestamp":"2026-07-20 16:33:53"}
{"level":"info","message":"Incoming request: GET /api/v1/clinic/booking-history?status=CANCELLED","service":"default-service-name","timestamp":"2026-07-20 16:34:06"}
{"level":"info","message":"Incoming request: GET /api/v1/clinic/booking-history?consultDate=2026-07-20","service":"default-service-name","timestamp":"2026-07-20 16:34:38"}
{"level":"info","message":"Incoming request: POST /api/v1/patient/appointment-booking","service":"default-service-name","timestamp":"2026-07-20 16:53:23"}
{"level":"info","message":"Incoming request: POST /api/v1/auth/send-otp","service":"default-service-name","timestamp":"2026-07-20 16:55:15"}
{"level":"info","message":"Incoming request: POST /api/v1/auth/verify-otp","service":"default-service-name","timestamp":"2026-07-20 16:55:45"}
{"level":"info","message":"Incoming request: POST /api/v1/patient/appointment-booking","service":"default-service-name","timestamp":"2026-07-20 16:59:51"}
{"level":"info","message":"Incoming request: POST /api/v1/patient/appointment-booking","service":"default-service-name","timestamp":"2026-07-20 17:01:43"}
{"level":"info","message":"Incoming request: POST /api/v1/patient/appointment-booking","service":"default-service-name","timestamp":"2026-07-20 17:02:31"}
{"level":"info","message":"Incoming request: POST /api/v1/patient/appointment-booking","service":"default-service-name","timestamp":"2026-07-20 17:31:21"}
{"level":"info","message":"Incoming request: POST /api/v1/patient/appointment-booking","service":"default-service-name","timestamp":"2026-07-20 17:31:44"}
{"level":"info","message":"Incoming request: GET /api/v1/clinic/stats","service":"default-service-name","timestamp":"2026-07-20 18:27:34"}
{"level":"info","message":"Incoming request: GET /api/v1/clinic/stats","service":"default-service-name","timestamp":"2026-07-20 20:01:38"}
{"level":"info","message":"Incoming request: GET /api/v1/clinic/manager/booking-history","service":"default-service-name","timestamp":"2026-07-20 21:51:47"}
{"level":"info","message":"Incoming request: GET /api/v1/clinic/manager/booking-history","service":"default-service-name","timestamp":"2026-07-20 21:52:47"}
{"level":"info","message":"Incoming request: GET /api/v1/clinic/booking-history","service":"default-service-name","timestamp":"2026-07-20 21:56:45"}
{"level":"info","message":"Incoming request: GET /api/v1/clinic/booking-history","service":"default-service-name","timestamp":"2026-07-20 21:57:08"}
{"level":"info","message":"Incoming request: GET /api/v1/clinic/manager-stats","service":"default-service-name","timestamp":"2026-07-21 15:36:02"}
{"level":"info","message":"Incoming request: GET /api/v1/clinic/stats","service":"default-service-name","timestamp":"2026-07-21 15:37:58"}
{"level":"info","message":"Incoming request: GET /api/v1/clinic/manager-stats","service":"default-service-name","timestamp":"2026-07-21 15:44:51"}
{"level":"info","message":"Incoming request: GET /api/v1/clinic/manager-stats","service":"default-service-name","timestamp":"2026-07-21 15:52:06"}
{"level":"info","message":"Incoming request: GET /api/v1/clinic/stats","service":"default-service-name","timestamp":"2026-07-21 16:09:38"}
{"level":"info","message":"Incoming request: GET /api/v1/clinic/stats","service":"default-service-name","timestamp":"2026-07-21 16:09:51"}
{"level":"info","message":"Incoming request: GET /api/v1/clinic/manager-stats","service":"default-service-name","timestamp":"2026-07-21 17:10:50"}
{"level":"info","message":"Incoming request: GET /api/v1/clinic/stats","service":"default-service-name","timestamp":"2026-07-21 17:11:13"}
{"level":"info","message":"Incoming request: GET /api/v1/clinic/manager-stats","service":"default-service-name","timestamp":"2026-07-21 17:25:05"}
{"level":"info","message":"Incoming request: GET /api/v1/clinic/manager-stats","service":"default-service-name","timestamp":"2026-07-21 17:25:29"}
{"level":"info","message":"Incoming request: GET /api/v1/clinic/stats","service":"default-service-name","timestamp":"2026-07-21 17:31:34"}
{"level":"info","message":"Incoming request: GET /api/v1/clinic/manager-stats","service":"default-service-name","timestamp":"2026-07-21 17:31:47"}
{"level":"info","message":"Incoming request: GET /api/v1/clinic/manager-stats","service":"default-service-name","timestamp":"2026-07-21 17:32:35"}
{"level":"info","message":"Incoming request: POST /api/v1/patient/appointment-booking","service":"default-service-name","timestamp":"2026-07-21 17:33:11"}
{"level":"info","message":"Incoming request: GET /api/v1/clinic/stats","service":"default-service-name","timestamp":"2026-07-21 17:33:29"}
{"level":"info","message":"Incoming request: GET /api/v1/clinic/manager-stats","service":"default-service-name","timestamp":"2026-07-21 17:33:37"}
{"level":"info","message":"Incoming request: PATCH /api/v1/clinic/update/appointment-status","service":"default-service-name","timestamp":"2026-07-21 17:34:28"}
{"level":"info","message":"Incoming request: GET /api/v1/clinic/stats","service":"default-service-name","timestamp":"2026-07-21 17:34:42"}
{"level":"info","message":"Incoming request: GET /api/v1/clinic/manager-stats","service":"default-service-name","timestamp":"2026-07-21 17:34:56"}
{"level":"info","message":"Incoming request: POST /auth/send-otp","service":"default-service-name","timestamp":"2026-09-12 17:23:08"}
{"level":"info","message":"Incoming request: POST /api/v1/auth/send-otp","service":"default-service-name","timestamp":"2026-09-12 17:31:51"}
